<?xml version="1.0"?>
<Runs Version="1" Minor="0">
	<Run Id="addsub_synth_1" LaunchDir="E:/N.I.G.E.-Machine/Xilinx_Vivado_DDR/N.I.G.E._Machine.runs/addsub_synth_1" FlowId="Vivado_Synthesis" FromStepId="vivado" ToStepId="vivado"/>
	<Run Id="Char_RAM_synth_1" LaunchDir="E:/N.I.G.E.-Machine/Xilinx_Vivado_DDR/N.I.G.E._Machine.runs/Char_RAM_synth_1" FlowId="Vivado_Synthesis" FromStepId="vivado" ToStepId="vivado"/>
	<Run Id="CLOCKMANAGER_synth_1" LaunchDir="E:/N.I.G.E.-Machine/Xilinx_Vivado_DDR/N.I.G.E._Machine.runs/CLOCKMANAGER_synth_1" FlowId="Vivado_Synthesis" FromStepId="vivado" ToStepId="vivado"/>
	<Run Id="Color_RAM_synth_1" LaunchDir="E:/N.I.G.E.-Machine/Xilinx_Vivado_DDR/N.I.G.E._Machine.runs/Color_RAM_synth_1" FlowId="Vivado_Synthesis" FromStepId="vivado" ToStepId="vivado"/>
	<Run Id="Estack_RAM_synth_1" LaunchDir="E:/N.I.G.E.-Machine/Xilinx_Vivado_DDR/N.I.G.E._Machine.runs/Estack_RAM_synth_1" FlowId="Vivado_Synthesis" FromStepId="vivado" ToStepId="vivado"/>
	<Run Id="FIFO8_synth_1" LaunchDir="E:/N.I.G.E.-Machine/Xilinx_Vivado_DDR/N.I.G.E._Machine.runs/FIFO8_synth_1" FlowId="Vivado_Synthesis" FromStepId="vivado" ToStepId="vivado"/>
	<Run Id="Freezer_RAM_synth_1" LaunchDir="E:/N.I.G.E.-Machine/Xilinx_Vivado_DDR/N.I.G.E._Machine.runs/Freezer_RAM_synth_1" FlowId="Vivado_Synthesis" FromStepId="vivado" ToStepId="vivado"/>
	<Run Id="Microcode_ROM_synth_1" LaunchDir="E:/N.I.G.E.-Machine/Xilinx_Vivado_DDR/N.I.G.E._Machine.runs/Microcode_ROM_synth_1" FlowId="Vivado_Synthesis" FromStepId="vivado" ToStepId="vivado"/>
	<Run Id="PCoveride_RAM_synth_1" LaunchDir="E:/N.I.G.E.-Machine/Xilinx_Vivado_DDR/N.I.G.E._Machine.runs/PCoveride_RAM_synth_1" FlowId="Vivado_Synthesis" FromStepId="vivado" ToStepId="vivado"/>
	<Run Id="Pstack_RAM_synth_1" LaunchDir="E:/N.I.G.E.-Machine/Xilinx_Vivado_DDR/N.I.G.E._Machine.runs/Pstack_RAM_synth_1" FlowId="Vivado_Synthesis" FromStepId="vivado" ToStepId="vivado"/>
	<Run Id="Rstack_RAM_synth_1" LaunchDir="E:/N.I.G.E.-Machine/Xilinx_Vivado_DDR/N.I.G.E._Machine.runs/Rstack_RAM_synth_1" FlowId="Vivado_Synthesis" FromStepId="vivado" ToStepId="vivado"/>
	<Run Id="signed_divider_synth_1" LaunchDir="E:/N.I.G.E.-Machine/Xilinx_Vivado_DDR/N.I.G.E._Machine.runs/signed_divider_synth_1" FlowId="Vivado_Synthesis" FromStepId="vivado" ToStepId="vivado"/>
	<Run Id="signed_mult_synth_1" LaunchDir="E:/N.I.G.E.-Machine/Xilinx_Vivado_DDR/N.I.G.E._Machine.runs/signed_mult_synth_1" FlowId="Vivado_Synthesis" FromStepId="vivado" ToStepId="vivado"/>
	<Run Id="Sstack_RAM_synth_1" LaunchDir="E:/N.I.G.E.-Machine/Xilinx_Vivado_DDR/N.I.G.E._Machine.runs/Sstack_RAM_synth_1" FlowId="Vivado_Synthesis" FromStepId="vivado" ToStepId="vivado"/>
	<Run Id="SYS_RAM_synth_1" LaunchDir="E:/N.I.G.E.-Machine/Xilinx_Vivado_DDR/N.I.G.E._Machine.runs/SYS_RAM_synth_1" FlowId="Vivado_Synthesis" FromStepId="vivado" ToStepId="vivado"/>
	<Run Id="TaskControl_RAM_synth_1" LaunchDir="E:/N.I.G.E.-Machine/Xilinx_Vivado_DDR/N.I.G.E._Machine.runs/TaskControl_RAM_synth_1" FlowId="Vivado_Synthesis" FromStepId="vivado" ToStepId="vivado"/>
	<Run Id="unsigned_divider_synth_1" LaunchDir="E:/N.I.G.E.-Machine/Xilinx_Vivado_DDR/N.I.G.E._Machine.runs/unsigned_divider_synth_1" FlowId="Vivado_Synthesis" FromStepId="vivado" ToStepId="vivado"/>
	<Run Id="USER_RAM_synth_1" LaunchDir="E:/N.I.G.E.-Machine/Xilinx_Vivado_DDR/N.I.G.E._Machine.runs/USER_RAM_synth_1" FlowId="Vivado_Synthesis" FromStepId="vivado" ToStepId="vivado"/>
	<Run Id="VirtualInterrupt_RAM_synth_1" LaunchDir="E:/N.I.G.E.-Machine/Xilinx_Vivado_DDR/N.I.G.E._Machine.runs/VirtualInterrupt_RAM_synth_1" FlowId="Vivado_Synthesis" FromStepId="vivado" ToStepId="vivado"/>
	<Run Id="BUFFER_TXT_DDR_synth_1" LaunchDir="E:/N.I.G.E.-Machine/Xilinx_Vivado_DDR/N.I.G.E._Machine.runs/BUFFER_TXT_DDR_synth_1" FlowId="Vivado_Synthesis" FromStepId="vivado" ToStepId="vivado"/>
	<Run Id="synth_1" LaunchDir="E:/N.I.G.E.-Machine/Xilinx_Vivado_DDR/N.I.G.E._Machine.runs/synth_1" FlowId="Vivado_Synthesis" FromStepId="vivado" ToStepId="vivado">
		<Parent Id="addsub_synth_1"/>
		<Parent Id="Char_RAM_synth_1"/>
		<Parent Id="CLOCKMANAGER_synth_1"/>
		<Parent Id="Color_RAM_synth_1"/>
		<Parent Id="Estack_RAM_synth_1"/>
		<Parent Id="FIFO8_synth_1"/>
		<Parent Id="Freezer_RAM_synth_1"/>
		<Parent Id="Microcode_ROM_synth_1"/>
		<Parent Id="PCoveride_RAM_synth_1"/>
		<Parent Id="Pstack_RAM_synth_1"/>
		<Parent Id="Rstack_RAM_synth_1"/>
		<Parent Id="signed_divider_synth_1"/>
		<Parent Id="signed_mult_synth_1"/>
		<Parent Id="Sstack_RAM_synth_1"/>
		<Parent Id="SYS_RAM_synth_1"/>
		<Parent Id="TaskControl_RAM_synth_1"/>
		<Parent Id="unsigned_divider_synth_1"/>
		<Parent Id="USER_RAM_synth_1"/>
		<Parent Id="VirtualInterrupt_RAM_synth_1"/>
		<Parent Id="BUFFER_TXT_DDR_synth_1"/>
	</Run>
</Runs>

