<?xml version="1.0" encoding="UTF-8"?>
<!-- IMPORTANT: This is an internal file that has been generated
     by the Xilinx ISE software.  Any direct editing or
     changes made to this file may result in unpredictable
     behavior or data corruption.  It is strongly advised that
     users do not edit the contents of this file. -->
<DeviceUsageSummary rev="2">
<DesignStatistics TimeStamp="Sun Sep 22 17:54:18 2013"><group name="NetStatistics">
<item name="NumNets_Active" rev="2">
<attrib name="value" value="7102"/></item>
<item name="NumNets_Gnd" rev="2">
<attrib name="value" value="1"/></item>
<item name="NumNets_Vcc" rev="2">
<attrib name="value" value="1"/></item>
<item name="NumNodesOfType_Active_BRAMADDR" rev="2">
<attrib name="value" value="602"/></item>
<item name="NumNodesOfType_Active_BRAMDUMMY" rev="2">
<attrib name="value" value="1666"/></item>
<item name="NumNodesOfType_Active_CLKPIN" rev="2">
<attrib name="value" value="2398"/></item>
<item name="NumNodesOfType_Active_CNTRLPIN" rev="2">
<attrib name="value" value="1794"/></item>
<item name="NumNodesOfType_Active_DOUBLE" rev="2">
<attrib name="value" value="19402"/></item>
<item name="NumNodesOfType_Active_DUMMY" rev="2">
<attrib name="value" value="12969"/></item>
<item name="NumNodesOfType_Active_DUMMYBANK" rev="2">
<attrib name="value" value="571"/></item>
<item name="NumNodesOfType_Active_DUMMYESC" rev="2">
<attrib name="value" value="43"/></item>
<item name="NumNodesOfType_Active_GLOBAL" rev="2">
<attrib name="value" value="325"/></item>
<item name="NumNodesOfType_Active_HFULLHEX" rev="2">
<attrib name="value" value="482"/></item>
<item name="NumNodesOfType_Active_HLONG" rev="2">
<attrib name="value" value="183"/></item>
<item name="NumNodesOfType_Active_HUNIHEX" rev="2">
<attrib name="value" value="3106"/></item>
<item name="NumNodesOfType_Active_INPUT" rev="2">
<attrib name="value" value="18117"/></item>
<item name="NumNodesOfType_Active_IOBOUTPUT" rev="2">
<attrib name="value" value="53"/></item>
<item name="NumNodesOfType_Active_OMUX" rev="2">
<attrib name="value" value="5798"/></item>
<item name="NumNodesOfType_Active_OUTPUT" rev="2">
<attrib name="value" value="6167"/></item>
<item name="NumNodesOfType_Active_PREBXBY" rev="2">
<attrib name="value" value="5325"/></item>
<item name="NumNodesOfType_Active_VFULLHEX" rev="2">
<attrib name="value" value="1273"/></item>
<item name="NumNodesOfType_Active_VLONG" rev="2">
<attrib name="value" value="391"/></item>
<item name="NumNodesOfType_Active_VUNIHEX" rev="2">
<attrib name="value" value="2323"/></item>
<item name="NumNodesOfType_Gnd_BRAMADDR" rev="2">
<attrib name="value" value="9"/></item>
<item name="NumNodesOfType_Gnd_BRAMDUMMY" rev="2">
<attrib name="value" value="198"/></item>
<item name="NumNodesOfType_Gnd_CLKPIN" rev="2">
<attrib name="value" value="1"/></item>
<item name="NumNodesOfType_Gnd_CNTRLPIN" rev="2">
<attrib name="value" value="3"/></item>
<item name="NumNodesOfType_Gnd_DOUBLE" rev="2">
<attrib name="value" value="79"/></item>
<item name="NumNodesOfType_Gnd_DUMMY" rev="2">
<attrib name="value" value="274"/></item>
<item name="NumNodesOfType_Gnd_DUMMYBANK" rev="2">
<attrib name="value" value="15"/></item>
<item name="NumNodesOfType_Gnd_INPUT" rev="2">
<attrib name="value" value="517"/></item>
<item name="NumNodesOfType_Gnd_OMUX" rev="2">
<attrib name="value" value="193"/></item>
<item name="NumNodesOfType_Gnd_OUTPUT" rev="2">
<attrib name="value" value="103"/></item>
<item name="NumNodesOfType_Gnd_PREBXBY" rev="2">
<attrib name="value" value="46"/></item>
<item name="NumNodesOfType_Gnd_VFULLHEX" rev="2">
<attrib name="value" value="15"/></item>
<item name="NumNodesOfType_Vcc_BRAMADDR" rev="2">
<attrib name="value" value="1"/></item>
<item name="NumNodesOfType_Vcc_BRAMDUMMY" rev="2">
<attrib name="value" value="35"/></item>
<item name="NumNodesOfType_Vcc_CNTRLPIN" rev="2">
<attrib name="value" value="57"/></item>
<item name="NumNodesOfType_Vcc_DUMMY" rev="2">
<attrib name="value" value="42"/></item>
<item name="NumNodesOfType_Vcc_INPUT" rev="2">
<attrib name="value" value="93"/></item>
<item name="NumNodesOfType_Vcc_PREBXBY" rev="2">
<attrib name="value" value="13"/></item>
<item name="NumNodesOfType_Vcc_VCCOUT" rev="2">
<attrib name="value" value="79"/></item>
</group>
<group name="SiteStatistics">
<item name="IBUF-DIFFM" rev="2">
<attrib name="value" value="2"/></item>
<item name="IBUF-DIFFMI" rev="2">
<attrib name="value" value="2"/></item>
<item name="IBUF-DIFFS" rev="2">
<attrib name="value" value="3"/></item>
<item name="IBUF-DIFFSI" rev="2">
<attrib name="value" value="1"/></item>
<item name="IBUF-IOB" rev="2">
<attrib name="value" value="1"/></item>
<item name="IOB-DIFFM" rev="2">
<attrib name="value" value="41"/></item>
<item name="IOB-DIFFS" rev="2">
<attrib name="value" value="36"/></item>
<item name="SLICEL-SLICEM" rev="2">
<attrib name="value" value="1514"/></item>
</group>
<group name="MiscellaneousStatistics">
<item name="AGG_BONDED_IO" rev="1">
<attrib name="value" value="100"/></item>
<item name="AGG_IO" rev="1">
<attrib name="value" value="100"/></item>
<item name="AGG_SLICE" rev="1">
<attrib name="value" value="3304"/></item>
<item name="NUM_4_INPUT_LUT" rev="1">
<attrib name="value" value="4431"/></item>
<item name="NUM_BONDED_IBUF" rev="1">
<attrib name="value" value="19"/></item>
<item name="NUM_BONDED_IOB" rev="1">
<attrib name="value" value="81"/></item>
<item name="NUM_BUFGMUX" rev="1">
<attrib name="value" value="2"/></item>
<item name="NUM_CYMUX" rev="1">
<attrib name="value" value="1201"/></item>
<item name="NUM_DCM" rev="1">
<attrib name="value" value="1"/></item>
<item name="NUM_IOB_FF" rev="1">
<attrib name="value" value="48"/></item>
<item name="NUM_LUT_RT" rev="1">
<attrib name="value" value="313"/></item>
<item name="NUM_MULT18X18SIO" rev="1">
<attrib name="value" value="8"/></item>
<item name="NUM_MULTAND" rev="1">
<attrib name="value" value="62"/></item>
<item name="NUM_RAMB16" rev="1">
<attrib name="value" value="28"/></item>
<item name="NUM_SHIFT" rev="1">
<attrib name="value" value="81"/></item>
<item name="NUM_SLICEL" rev="1">
<attrib name="value" value="3246"/></item>
<item name="NUM_SLICEM" rev="1">
<attrib name="value" value="58"/></item>
<item name="NUM_SLICE_FF" rev="1">
<attrib name="value" value="3180"/></item>
<item name="NUM_XOR" rev="1">
<attrib name="value" value="1092"/></item>
<item name="Xilinx Core blk_mem_gen_v4_3, Xilinx CORE Generator 13.2" rev="1">
<attrib name="value" value="2"/></item>
<item name="Xilinx Core blk_mem_gen_v6_2, Xilinx CORE Generator 13.2" rev="1">
<attrib name="value" value="5"/></item>
<item name="Xilinx Core c_addsub_v11_0, Xilinx CORE Generator 13.2" rev="1">
<attrib name="value" value="1"/></item>
<item name="Xilinx Core c_compare_v8_0, Xilinx CORE Generator 13.2" rev="1">
<attrib name="value" value="4"/></item>
<item name="Xilinx Core div_gen_v3_0, Xilinx CORE Generator 13.2" rev="1">
<attrib name="value" value="2"/></item>
<item name="Xilinx Core mult_gen_v11_2, Xilinx CORE Generator 13.2" rev="1">
<attrib name="value" value="2"/></item>
</group>
</DesignStatistics>
<DeviceUsage TimeStamp="Sun Sep 22 17:54:18 2013"><group name="SiteSummary">
<item name="BUFGMUX" rev="2">
<attrib name="total" value="1000000"/><attrib name="used" value="2"/></item>
<item name="BUFGMUX_GCLKMUX" rev="2">
<attrib name="total" value="1000000"/><attrib name="used" value="2"/></item>
<item name="BUFGMUX_GCLK_BUFFER" rev="2">
<attrib name="total" value="1000000"/><attrib name="used" value="2"/></item>
<item name="DCM" rev="2">
<attrib name="total" value="1000000"/><attrib name="used" value="1"/></item>
<item name="DCM_DCM" rev="2">
<attrib name="total" value="1000000"/><attrib name="used" value="1"/></item>
<item name="IBUF" rev="2">
<attrib name="total" value="1000000"/><attrib name="used" value="19"/></item>
<item name="IBUF_IFD_DELAY" rev="2">
<attrib name="total" value="1000000"/><attrib name="used" value="3"/></item>
<item name="IBUF_IFF1" rev="2">
<attrib name="total" value="1000000"/><attrib name="used" value="3"/></item>
<item name="IBUF_INBUF" rev="2">
<attrib name="total" value="1000000"/><attrib name="used" value="19"/></item>
<item name="IBUF_PAD" rev="2">
<attrib name="total" value="1000000"/><attrib name="used" value="19"/></item>
<item name="IOB" rev="2">
<attrib name="total" value="1000000"/><attrib name="used" value="81"/></item>
<item name="IOB_IFD_DELAY" rev="2">
<attrib name="total" value="1000000"/><attrib name="used" value="8"/></item>
<item name="IOB_IFF1" rev="2">
<attrib name="total" value="1000000"/><attrib name="used" value="8"/></item>
<item name="IOB_INBUF" rev="2">
<attrib name="total" value="1000000"/><attrib name="used" value="24"/></item>
<item name="IOB_OFF1" rev="2">
<attrib name="total" value="1000000"/><attrib name="used" value="37"/></item>
<item name="IOB_OUTBUF" rev="2">
<attrib name="total" value="1000000"/><attrib name="used" value="81"/></item>
<item name="IOB_PAD" rev="2">
<attrib name="total" value="1000000"/><attrib name="used" value="81"/></item>
<item name="MULT18X18SIO" rev="2">
<attrib name="total" value="1000000"/><attrib name="used" value="8"/></item>
<item name="MULT18X18SIO_MULT18X18SIO" rev="2">
<attrib name="total" value="1000000"/><attrib name="used" value="8"/></item>
<item name="RAMB16" rev="2">
<attrib name="total" value="1000000"/><attrib name="used" value="28"/></item>
<item name="RAMB16_RAMB16" rev="2">
<attrib name="total" value="1000000"/><attrib name="used" value="28"/></item>
<item name="RAMB16_RAMB16A" rev="2">
<attrib name="total" value="1000000"/><attrib name="used" value="28"/></item>
<item name="RAMB16_RAMB16B" rev="2">
<attrib name="total" value="1000000"/><attrib name="used" value="28"/></item>
<item name="SLICEL" rev="2">
<attrib name="total" value="1000000"/><attrib name="used" value="3246"/></item>
<item name="SLICEL_C1VDD" rev="2">
<attrib name="total" value="1000000"/><attrib name="used" value="23"/></item>
<item name="SLICEL_C2VDD" rev="2">
<attrib name="total" value="1000000"/><attrib name="used" value="14"/></item>
<item name="SLICEL_CYMUXF" rev="2">
<attrib name="total" value="1000000"/><attrib name="used" value="612"/></item>
<item name="SLICEL_CYMUXG" rev="2">
<attrib name="total" value="1000000"/><attrib name="used" value="589"/></item>
<item name="SLICEL_F" rev="2">
<attrib name="total" value="1000000"/><attrib name="used" value="2179"/></item>
<item name="SLICEL_F5MUX" rev="2">
<attrib name="total" value="1000000"/><attrib name="used" value="505"/></item>
<item name="SLICEL_F6MUX" rev="2">
<attrib name="total" value="1000000"/><attrib name="used" value="41"/></item>
<item name="SLICEL_FAND" rev="2">
<attrib name="total" value="1000000"/><attrib name="used" value="32"/></item>
<item name="SLICEL_FFX" rev="2">
<attrib name="total" value="1000000"/><attrib name="used" value="1153"/></item>
<item name="SLICEL_FFY" rev="2">
<attrib name="total" value="1000000"/><attrib name="used" value="1946"/></item>
<item name="SLICEL_G" rev="2">
<attrib name="total" value="1000000"/><attrib name="used" value="2162"/></item>
<item name="SLICEL_GAND" rev="2">
<attrib name="total" value="1000000"/><attrib name="used" value="30"/></item>
<item name="SLICEL_GNDF" rev="2">
<attrib name="total" value="1000000"/><attrib name="used" value="233"/></item>
<item name="SLICEL_GNDG" rev="2">
<attrib name="total" value="1000000"/><attrib name="used" value="236"/></item>
<item name="SLICEL_XORF" rev="2">
<attrib name="total" value="1000000"/><attrib name="used" value="557"/></item>
<item name="SLICEL_XORG" rev="2">
<attrib name="total" value="1000000"/><attrib name="used" value="535"/></item>
<item name="SLICEM" rev="2">
<attrib name="total" value="1000000"/><attrib name="used" value="58"/></item>
<item name="SLICEM_F" rev="2">
<attrib name="total" value="1000000"/><attrib name="used" value="32"/></item>
<item name="SLICEM_F5MUX" rev="2">
<attrib name="total" value="1000000"/><attrib name="used" value="2"/></item>
<item name="SLICEM_F6MUX" rev="2">
<attrib name="total" value="1000000"/><attrib name="used" value="2"/></item>
<item name="SLICEM_FFX" rev="2">
<attrib name="total" value="1000000"/><attrib name="used" value="27"/></item>
<item name="SLICEM_FFY" rev="2">
<attrib name="total" value="1000000"/><attrib name="used" value="54"/></item>
<item name="SLICEM_G" rev="2">
<attrib name="total" value="1000000"/><attrib name="used" value="58"/></item>
<item name="SLICEM_GMC15_BLACKBOX" rev="2">
<attrib name="total" value="1000000"/><attrib name="used" value="2"/></item>
<item name="SLICEM_WSGEN" rev="2">
<attrib name="total" value="1000000"/><attrib name="used" value="56"/></item>
</group>
</DeviceUsage>
<ReportConfigData TimeStamp="Sun Sep 22 17:54:18 2013"><group name="SLICEL_CYMUXF">
<item name="0" rev="2">
<attrib name="0" value="612"/><attrib name="0_INV" value="0"/></item>
<item name="1" rev="2">
<attrib name="1_INV" value="1"/><attrib name="1" value="611"/></item>
</group>
<group name="SLICEL_CYMUXG">
<item name="0" rev="2">
<attrib name="0" value="589"/><attrib name="0_INV" value="0"/></item>
</group>
<group name="IBUF_PAD">
<item name="IOATTRBOX" rev="2">
<attrib name="LVCMOS25" value="19"/></item>
</group>
<group name="IBUF_INBUF">
<item name="IBUF_DELAY_VALUE" rev="2">
<attrib name="DLY0" value="1"/></item>
<item name="IFD_DELAY_VALUE" rev="2">
<attrib name="DLY3" value="3"/></item>
</group>
<group name="SLICEM_F">
<item name="DI" rev="2">
<attrib name="DI" value="25"/><attrib name="DI_INV" value="0"/></item>
<item name="F_ATTR" rev="2">
<attrib name="SHIFT_REG" value="25"/></item>
<item name="LUT_OR_MEM" rev="2">
<attrib name="LUT" value="7"/><attrib name="RAM" value="25"/></item>
</group>
<group name="SLICEM_G">
<item name="DI" rev="2">
<attrib name="DI" value="56"/><attrib name="DI_INV" value="0"/></item>
<item name="G_ATTR" rev="2">
<attrib name="SHIFT_REG" value="56"/></item>
<item name="LUT_OR_MEM" rev="2">
<attrib name="LUT" value="2"/><attrib name="RAM" value="56"/></item>
</group>
<group name="SLICEM_F6MUX">
<item name="S0" rev="2">
<attrib name="S0" value="2"/><attrib name="S0_INV" value="0"/></item>
</group>
<group name="SLICEL">
<item name="BX" rev="2">
<attrib name="BX_INV" value="11"/><attrib name="BX" value="882"/></item>
<item name="BY" rev="2">
<attrib name="BY" value="1168"/><attrib name="BY_INV" value="76"/></item>
<item name="CE" rev="2">
<attrib name="CE" value="1205"/><attrib name="CE_INV" value="8"/></item>
<item name="CIN" rev="2">
<attrib name="CIN_INV" value="0"/><attrib name="CIN" value="579"/></item>
<item name="CLK" rev="2">
<attrib name="CLK" value="2228"/><attrib name="CLK_INV" value="0"/></item>
<item name="SR" rev="2">
<attrib name="SR" value="138"/><attrib name="SR_INV" value="376"/></item>
</group>
<group name="SLICEM">
<item name="BX" rev="2">
<attrib name="BX_INV" value="0"/><attrib name="BX" value="26"/></item>
<item name="BY" rev="2">
<attrib name="BY" value="58"/><attrib name="BY_INV" value="0"/></item>
<item name="CLK" rev="2">
<attrib name="CLK" value="56"/><attrib name="CLK_INV" value="0"/></item>
<item name="SR" rev="2">
<attrib name="SR" value="56"/><attrib name="SR_INV" value="0"/></item>
</group>
<group name="SLICEL_F6MUX">
<item name="S0" rev="2">
<attrib name="S0" value="41"/><attrib name="S0_INV" value="0"/></item>
</group>
<group name="RAMB16">
<item name="CLKA" rev="2">
<attrib name="CLKA_INV" value="0"/><attrib name="CLKA" value="28"/></item>
<item name="CLKB" rev="2">
<attrib name="CLKB_INV" value="0"/><attrib name="CLKB" value="28"/></item>
<item name="ENA" rev="2">
<attrib name="ENA_INV" value="2"/><attrib name="ENA" value="26"/></item>
<item name="ENB" rev="2">
<attrib name="ENB_INV" value="2"/><attrib name="ENB" value="26"/></item>
<item name="SSRA" rev="2">
<attrib name="SSRA_INV" value="0"/><attrib name="SSRA" value="28"/></item>
<item name="SSRB" rev="2">
<attrib name="SSRB_INV" value="0"/><attrib name="SSRB" value="28"/></item>
<item name="WEA" rev="2">
<attrib name="WEA" value="28"/><attrib name="WEA_INV" value="0"/></item>
<item name="WEB" rev="2">
<attrib name="WEB" value="28"/><attrib name="WEB_INV" value="0"/></item>
</group>
<group name="IOB_OFF1">
<item name="CE" rev="2">
<attrib name="CE" value="18"/><attrib name="CE_INV" value="0"/></item>
<item name="CK" rev="2">
<attrib name="CK" value="37"/><attrib name="CK_INV" value="0"/></item>
<item name="D" rev="2">
<attrib name="D" value="35"/><attrib name="D_INV" value="2"/></item>
<item name="LATCH_OR_FF" rev="2">
<attrib name="FF" value="37"/></item>
<item name="OFF1_INIT_ATTR" rev="2">
<attrib name="INIT0" value="34"/><attrib name="INIT1" value="3"/></item>
<item name="OFF1_SR_ATTR" rev="2">
<attrib name="SRLOW" value="10"/><attrib name="SRHIGH" value="3"/></item>
<item name="OFFATTRBOX" rev="2">
<attrib name="SYNC" value="13"/></item>
<item name="SR" rev="2">
<attrib name="SR" value="13"/><attrib name="SR_INV" value="0"/></item>
</group>
<group name="IOB_OUTBUF">
<item name="IN" rev="2">
<attrib name="IN_INV" value="0"/><attrib name="IN" value="81"/></item>
<item name="TRI" rev="2">
<attrib name="TRI_INV" value="0"/><attrib name="TRI" value="24"/></item>
</group>
<group name="RAMB16_RAMB16A">
<item name="CLKA" rev="2">
<attrib name="CLKA_INV" value="0"/><attrib name="CLKA" value="28"/></item>
<item name="ENA" rev="2">
<attrib name="ENA_INV" value="2"/><attrib name="ENA" value="26"/></item>
<item name="PORTA_ATTR" rev="2">
<attrib name="16384X1" value="1"/><attrib name="512X36" value="5"/><attrib name="8192X2" value="2"/><attrib name="2048X9" value="19"/><attrib name="4096X4" value="1"/></item>
<item name="SSRA" rev="2">
<attrib name="SSRA_INV" value="0"/><attrib name="SSRA" value="28"/></item>
<item name="WEA" rev="2">
<attrib name="WEA" value="28"/><attrib name="WEA_INV" value="0"/></item>
<item name="WRITEMODEA" rev="2">
<attrib name="WRITE_FIRST" value="1"/><attrib name="READ_FIRST" value="27"/></item>
</group>
<group name="RAMB16_RAMB16B">
<item name="CLKB" rev="2">
<attrib name="CLKB_INV" value="0"/><attrib name="CLKB" value="28"/></item>
<item name="ENB" rev="2">
<attrib name="ENB_INV" value="2"/><attrib name="ENB" value="26"/></item>
<item name="PORTB_ATTR" rev="2">
<attrib name="16384X1" value="1"/><attrib name="512X36" value="5"/><attrib name="8192X2" value="2"/><attrib name="2048X9" value="19"/><attrib name="4096X4" value="1"/></item>
<item name="SSRB" rev="2">
<attrib name="SSRB_INV" value="0"/><attrib name="SSRB" value="28"/></item>
<item name="WEB" rev="2">
<attrib name="WEB" value="28"/><attrib name="WEB_INV" value="0"/></item>
<item name="WRITEMODEB" rev="2">
<attrib name="WRITE_FIRST" value="1"/><attrib name="READ_FIRST" value="27"/></item>
</group>
<group name="IOB_IFF1">
<item name="CE" rev="2">
<attrib name="CE" value="8"/><attrib name="CE_INV" value="0"/></item>
<item name="CK" rev="2">
<attrib name="CK" value="8"/><attrib name="CK_INV" value="0"/></item>
<item name="IFF1_INIT_ATTR" rev="2">
<attrib name="INIT0" value="8"/></item>
<item name="LATCH_OR_FF" rev="2">
<attrib name="FF" value="8"/></item>
</group>
<group name="IBUF">
<item name="ICE" rev="2">
<attrib name="ICE" value="3"/><attrib name="ICE_INV" value="0"/></item>
<item name="ICLK1" rev="2">
<attrib name="ICLK1_INV" value="0"/><attrib name="ICLK1" value="3"/></item>
</group>
<group name="MULT18X18SIO">
<item name="CEA" rev="2">
<attrib name="CEA_INV" value="0"/><attrib name="CEA" value="8"/></item>
<item name="CEB" rev="2">
<attrib name="CEB_INV" value="0"/><attrib name="CEB" value="8"/></item>
<item name="CEP" rev="2">
<attrib name="CEP" value="8"/><attrib name="CEP_INV" value="0"/></item>
<item name="CLK" rev="2">
<attrib name="CLK" value="8"/><attrib name="CLK_INV" value="0"/></item>
<item name="RSTA" rev="2">
<attrib name="RSTA" value="8"/><attrib name="RSTA_INV" value="0"/></item>
<item name="RSTB" rev="2">
<attrib name="RSTB" value="8"/><attrib name="RSTB_INV" value="0"/></item>
<item name="RSTP" rev="2">
<attrib name="RSTP_INV" value="0"/><attrib name="RSTP" value="8"/></item>
</group>
<group name="SLICEM_F5MUX">
<item name="S0" rev="2">
<attrib name="S0" value="2"/><attrib name="S0_INV" value="0"/></item>
</group>
<group name="IOB_INBUF">
<item name="IFD_DELAY_VALUE" rev="2">
<attrib name="DLY3" value="8"/></item>
</group>
<group name="SLICEL_FFX">
<item name="CE" rev="2">
<attrib name="CE" value="496"/><attrib name="CE_INV" value="5"/></item>
<item name="CK" rev="2">
<attrib name="CK" value="1153"/><attrib name="CK_INV" value="0"/></item>
<item name="D" rev="2">
<attrib name="D" value="1143"/><attrib name="D_INV" value="10"/></item>
<item name="FFX_INIT_ATTR" rev="2">
<attrib name="INIT0" value="934"/><attrib name="INIT1" value="219"/></item>
<item name="FFX_SR_ATTR" rev="2">
<attrib name="SRLOW" value="1121"/><attrib name="SRHIGH" value="32"/></item>
<item name="LATCH_OR_FF" rev="2">
<attrib name="FF" value="1153"/></item>
<item name="SR" rev="2">
<attrib name="SR" value="86"/><attrib name="SR_INV" value="147"/></item>
<item name="SYNC_ATTR" rev="2">
<attrib name="ASYNC" value="920"/><attrib name="SYNC" value="233"/></item>
</group>
<group name="SLICEL_XORF">
<item name="1" rev="2">
<attrib name="1_INV" value="1"/><attrib name="1" value="556"/></item>
</group>
<group name="SLICEL_FFY">
<item name="CE" rev="2">
<attrib name="CE" value="1041"/><attrib name="CE_INV" value="7"/></item>
<item name="CK" rev="2">
<attrib name="CK" value="1946"/><attrib name="CK_INV" value="0"/></item>
<item name="D" rev="2">
<attrib name="D" value="1870"/><attrib name="D_INV" value="76"/></item>
<item name="FFY_INIT_ATTR" rev="2">
<attrib name="INIT0" value="1461"/><attrib name="INIT1" value="485"/></item>
<item name="FFY_SR_ATTR" rev="2">
<attrib name="SRLOW" value="1906"/><attrib name="SRHIGH" value="40"/></item>
<item name="LATCH_OR_FF" rev="2">
<attrib name="FF" value="1946"/></item>
<item name="REV" rev="2">
<attrib name="REV_INV" value="0"/><attrib name="REV" value="46"/></item>
<item name="SR" rev="2">
<attrib name="SR" value="125"/><attrib name="SR_INV" value="298"/></item>
<item name="SYNC_ATTR" rev="2">
<attrib name="ASYNC" value="1523"/><attrib name="SYNC" value="423"/></item>
</group>
<group name="BUFGMUX_GCLKMUX">
<item name="DISABLE_ATTR" rev="2">
<attrib name="LOW" value="2"/></item>
<item name="S" rev="2">
<attrib name="S_INV" value="1"/><attrib name="S" value="1"/></item>
</group>
<group name="SLICEL_F5MUX">
<item name="S0" rev="2">
<attrib name="S0" value="505"/><attrib name="S0_INV" value="0"/></item>
</group>
<group name="MULT18X18SIO_MULT18X18SIO">
<item name="AREG" rev="2">
<attrib name="1" value="8"/></item>
<item name="BREG" rev="2">
<attrib name="1" value="8"/></item>
<item name="B_INPUT" rev="2">
<attrib name="DIRECT" value="8"/></item>
<item name="CEA" rev="2">
<attrib name="CEA_INV" value="0"/><attrib name="CEA" value="8"/></item>
<item name="CEB" rev="2">
<attrib name="CEB_INV" value="0"/><attrib name="CEB" value="8"/></item>
<item name="CEP" rev="2">
<attrib name="CEP" value="8"/><attrib name="CEP_INV" value="0"/></item>
<item name="CLK" rev="2">
<attrib name="CLK" value="8"/><attrib name="CLK_INV" value="0"/></item>
<item name="PREG" rev="2">
<attrib name="1" value="8"/></item>
<item name="PREG_CLKINVERSION" rev="2">
<attrib name="0" value="8"/></item>
<item name="RSTA" rev="2">
<attrib name="RSTA" value="8"/><attrib name="RSTA_INV" value="0"/></item>
<item name="RSTB" rev="2">
<attrib name="RSTB" value="8"/><attrib name="RSTB_INV" value="0"/></item>
<item name="RSTP" rev="2">
<attrib name="RSTP_INV" value="0"/><attrib name="RSTP" value="8"/></item>
</group>
<group name="IBUF_IFF1">
<item name="CE" rev="2">
<attrib name="CE" value="3"/><attrib name="CE_INV" value="0"/></item>
<item name="CK" rev="2">
<attrib name="CK" value="3"/><attrib name="CK_INV" value="0"/></item>
<item name="IFF1_INIT_ATTR" rev="2">
<attrib name="INIT0" value="3"/></item>
<item name="LATCH_OR_FF" rev="2">
<attrib name="FF" value="3"/></item>
</group>
<group name="SLICEM_WSGEN">
<item name="CK" rev="2">
<attrib name="CK" value="56"/><attrib name="CK_INV" value="0"/></item>
<item name="SYNC_ATTR" rev="2">
<attrib name="ASYNC" value="56"/></item>
<item name="WE" rev="2">
<attrib name="WE_INV" value="0"/><attrib name="WE" value="56"/></item>
</group>
<group name="SLICEM_FFX">
<item name="CK" rev="2">
<attrib name="CK" value="27"/><attrib name="CK_INV" value="0"/></item>
<item name="D" rev="2">
<attrib name="D" value="27"/><attrib name="D_INV" value="0"/></item>
<item name="FFX_INIT_ATTR" rev="2">
<attrib name="INIT0" value="27"/></item>
<item name="FFX_SR_ATTR" rev="2">
<attrib name="SRLOW" value="27"/></item>
<item name="LATCH_OR_FF" rev="2">
<attrib name="FF" value="27"/></item>
<item name="SYNC_ATTR" rev="2">
<attrib name="ASYNC" value="27"/></item>
</group>
<group name="SLICEM_FFY">
<item name="CK" rev="2">
<attrib name="CK" value="54"/><attrib name="CK_INV" value="0"/></item>
<item name="D" rev="2">
<attrib name="D" value="54"/><attrib name="D_INV" value="0"/></item>
<item name="FFY_INIT_ATTR" rev="2">
<attrib name="INIT0" value="54"/></item>
<item name="FFY_SR_ATTR" rev="2">
<attrib name="SRLOW" value="54"/></item>
<item name="LATCH_OR_FF" rev="2">
<attrib name="FF" value="54"/></item>
<item name="SYNC_ATTR" rev="2">
<attrib name="ASYNC" value="54"/></item>
</group>
<group name="IOB_PAD">
<item name="DRIVEATTRBOX" rev="2">
<attrib name="12" value="81"/></item>
<item name="IOATTRBOX" rev="2">
<attrib name="LVCMOS25" value="81"/></item>
<item name="SLEW" rev="2">
<attrib name="SLOW" value="81"/></item>
</group>
<group name="IOB">
<item name="ICE" rev="2">
<attrib name="ICE" value="8"/><attrib name="ICE_INV" value="0"/></item>
<item name="ICLK1" rev="2">
<attrib name="ICLK1_INV" value="0"/><attrib name="ICLK1" value="8"/></item>
<item name="O1" rev="2">
<attrib name="O1_INV" value="2"/><attrib name="O1" value="79"/></item>
<item name="OCE" rev="2">
<attrib name="OCE" value="18"/><attrib name="OCE_INV" value="0"/></item>
<item name="OTCLK1" rev="2">
<attrib name="OTCLK1_INV" value="0"/><attrib name="OTCLK1" value="37"/></item>
<item name="SR" rev="2">
<attrib name="SR" value="13"/><attrib name="SR_INV" value="0"/></item>
<item name="T1" rev="2">
<attrib name="T1_INV" value="0"/><attrib name="T1" value="24"/></item>
</group>
<group name="DCM_DCM">
<item name="CLKDV_DIVIDE" rev="2">
<attrib name="2" value="1"/></item>
<item name="CLKOUT_PHASE_SHIFT" rev="2">
<attrib name="NONE" value="1"/></item>
<item name="CLK_FEEDBACK" rev="2">
<attrib name="1X" value="1"/></item>
<item name="DESKEW_ADJUST" rev="2">
<attrib name="7" value="1"/></item>
<item name="DFS_FREQUENCY_MODE" rev="2">
<attrib name="LOW" value="1"/></item>
<item name="DLL_FREQUENCY_MODE" rev="2">
<attrib name="LOW" value="1"/></item>
<item name="DUTY_CYCLE_CORRECTION" rev="2">
<attrib name="TRUE" value="1"/></item>
<item name="FACTORY_JF1" rev="2">
<attrib name="0XC0" value="1"/></item>
<item name="FACTORY_JF2" rev="2">
<attrib name="0X80" value="1"/></item>
<item name="PSCLK" rev="2">
<attrib name="PSCLK_INV" value="0"/><attrib name="PSCLK" value="1"/></item>
<item name="PSEN" rev="2">
<attrib name="PSEN_INV" value="0"/><attrib name="PSEN" value="1"/></item>
<item name="PSINCDEC" rev="2">
<attrib name="PSINCDEC" value="1"/><attrib name="PSINCDEC_INV" value="0"/></item>
<item name="RST" rev="2">
<attrib name="RST" value="1"/><attrib name="RST_INV" value="0"/></item>
</group>
<group name="BUFGMUX">
<item name="S" rev="2">
<attrib name="S_INV" value="1"/><attrib name="S" value="1"/></item>
</group>
<group name="DCM">
<item name="PSCLK" rev="2">
<attrib name="PSCLK_INV" value="0"/><attrib name="PSCLK" value="1"/></item>
<item name="PSEN" rev="2">
<attrib name="PSEN_INV" value="0"/><attrib name="PSEN" value="1"/></item>
<item name="PSINCDEC" rev="2">
<attrib name="PSINCDEC" value="1"/><attrib name="PSINCDEC_INV" value="0"/></item>
<item name="RST" rev="2">
<attrib name="RST" value="1"/><attrib name="RST_INV" value="0"/></item>
</group>
</ReportConfigData>
<ReportPinData TimeStamp="Sun Sep 22 17:54:18 2013"><group name="SLICEL_CYMUXF">
<item name="0" rev="2">
<attrib name="value" value="612"/></item>
<item name="1" rev="2">
<attrib name="value" value="612"/></item>
<item name="OUT" rev="2">
<attrib name="value" value="612"/></item>
<item name="S0" rev="2">
<attrib name="value" value="612"/></item>
</group>
<group name="SLICEL_CYMUXG">
<item name="0" rev="2">
<attrib name="value" value="589"/></item>
<item name="1" rev="2">
<attrib name="value" value="589"/></item>
<item name="OUT" rev="2">
<attrib name="value" value="589"/></item>
<item name="S0" rev="2">
<attrib name="value" value="589"/></item>
</group>
<group name="IBUF_PAD">
<item name="PAD" rev="2">
<attrib name="value" value="19"/></item>
</group>
<group name="IBUF_INBUF">
<item name="IN" rev="2">
<attrib name="value" value="19"/></item>
<item name="OUT" rev="2">
<attrib name="value" value="19"/></item>
</group>
<group name="IOB_IFD_DELAY">
<item name="IN" rev="2">
<attrib name="value" value="8"/></item>
<item name="OUT" rev="2">
<attrib name="value" value="8"/></item>
</group>
<group name="SLICEM_F">
<item name="A1" rev="2">
<attrib name="value" value="32"/></item>
<item name="A2" rev="2">
<attrib name="value" value="32"/></item>
<item name="A3" rev="2">
<attrib name="value" value="32"/></item>
<item name="A4" rev="2">
<attrib name="value" value="28"/></item>
<item name="D" rev="2">
<attrib name="value" value="32"/></item>
<item name="DI" rev="2">
<attrib name="value" value="25"/></item>
<item name="WS" rev="2">
<attrib name="value" value="25"/></item>
</group>
<group name="SLICEM_G">
<item name="A1" rev="2">
<attrib name="value" value="56"/></item>
<item name="A2" rev="2">
<attrib name="value" value="56"/></item>
<item name="A3" rev="2">
<attrib name="value" value="56"/></item>
<item name="A4" rev="2">
<attrib name="value" value="54"/></item>
<item name="D" rev="2">
<attrib name="value" value="56"/></item>
<item name="DI" rev="2">
<attrib name="value" value="56"/></item>
<item name="WS" rev="2">
<attrib name="value" value="56"/></item>
</group>
<group name="BUFGMUX_GCLK_BUFFER">
<item name="IN" rev="2">
<attrib name="value" value="2"/></item>
<item name="OUT" rev="2">
<attrib name="value" value="2"/></item>
</group>
<group name="SLICEM_F6MUX">
<item name="0" rev="2">
<attrib name="value" value="2"/></item>
<item name="1" rev="2">
<attrib name="value" value="2"/></item>
<item name="OUT" rev="2">
<attrib name="value" value="2"/></item>
<item name="S0" rev="2">
<attrib name="value" value="2"/></item>
</group>
<group name="SLICEL">
<item name="BX" rev="2">
<attrib name="value" value="893"/></item>
<item name="BY" rev="2">
<attrib name="value" value="1244"/></item>
<item name="CE" rev="2">
<attrib name="value" value="1213"/></item>
<item name="CIN" rev="2">
<attrib name="value" value="579"/></item>
<item name="CLK" rev="2">
<attrib name="value" value="2228"/></item>
<item name="COUT" rev="2">
<attrib name="value" value="589"/></item>
<item name="F1" rev="2">
<attrib name="value" value="2165"/></item>
<item name="F2" rev="2">
<attrib name="value" value="1983"/></item>
<item name="F3" rev="2">
<attrib name="value" value="1598"/></item>
<item name="F4" rev="2">
<attrib name="value" value="732"/></item>
<item name="F5" rev="2">
<attrib name="value" value="82"/></item>
<item name="FX" rev="2">
<attrib name="value" value="1"/></item>
<item name="FXINA" rev="2">
<attrib name="value" value="41"/></item>
<item name="FXINB" rev="2">
<attrib name="value" value="41"/></item>
<item name="G1" rev="2">
<attrib name="value" value="2153"/></item>
<item name="G2" rev="2">
<attrib name="value" value="1943"/></item>
<item name="G3" rev="2">
<attrib name="value" value="1589"/></item>
<item name="G4" rev="2">
<attrib name="value" value="737"/></item>
<item name="SR" rev="2">
<attrib name="value" value="514"/></item>
<item name="X" rev="2">
<attrib name="value" value="1355"/></item>
<item name="XB" rev="2">
<attrib name="value" value="2"/></item>
<item name="XQ" rev="2">
<attrib name="value" value="1153"/></item>
<item name="Y" rev="2">
<attrib name="value" value="936"/></item>
<item name="YQ" rev="2">
<attrib name="value" value="1946"/></item>
</group>
<group name="SLICEM">
<item name="BX" rev="2">
<attrib name="value" value="26"/></item>
<item name="BY" rev="2">
<attrib name="value" value="58"/></item>
<item name="CLK" rev="2">
<attrib name="value" value="56"/></item>
<item name="F1" rev="2">
<attrib name="value" value="32"/></item>
<item name="F2" rev="2">
<attrib name="value" value="32"/></item>
<item name="F3" rev="2">
<attrib name="value" value="32"/></item>
<item name="F4" rev="2">
<attrib name="value" value="28"/></item>
<item name="F5" rev="2">
<attrib name="value" value="2"/></item>
<item name="FX" rev="2">
<attrib name="value" value="1"/></item>
<item name="FXINA" rev="2">
<attrib name="value" value="2"/></item>
<item name="FXINB" rev="2">
<attrib name="value" value="2"/></item>
<item name="G1" rev="2">
<attrib name="value" value="56"/></item>
<item name="G2" rev="2">
<attrib name="value" value="56"/></item>
<item name="G3" rev="2">
<attrib name="value" value="56"/></item>
<item name="G4" rev="2">
<attrib name="value" value="54"/></item>
<item name="SR" rev="2">
<attrib name="value" value="56"/></item>
<item name="X" rev="2">
<attrib name="value" value="4"/></item>
<item name="XQ" rev="2">
<attrib name="value" value="27"/></item>
<item name="Y" rev="2">
<attrib name="value" value="1"/></item>
<item name="YQ" rev="2">
<attrib name="value" value="54"/></item>
</group>
<group name="SLICEL_F6MUX">
<item name="0" rev="2">
<attrib name="value" value="41"/></item>
<item name="1" rev="2">
<attrib name="value" value="41"/></item>
<item name="OUT" rev="2">
<attrib name="value" value="41"/></item>
<item name="S0" rev="2">
<attrib name="value" value="41"/></item>
</group>
<group name="RAMB16">
<item name="ADDRA0" rev="2">
<attrib name="value" value="1"/></item>
<item name="ADDRA1" rev="2">
<attrib name="value" value="3"/></item>
<item name="ADDRA10" rev="2">
<attrib name="value" value="28"/></item>
<item name="ADDRA11" rev="2">
<attrib name="value" value="28"/></item>
<item name="ADDRA12" rev="2">
<attrib name="value" value="28"/></item>
<item name="ADDRA13" rev="2">
<attrib name="value" value="28"/></item>
<item name="ADDRA2" rev="2">
<attrib name="value" value="4"/></item>
<item name="ADDRA3" rev="2">
<attrib name="value" value="23"/></item>
<item name="ADDRA4" rev="2">
<attrib name="value" value="23"/></item>
<item name="ADDRA5" rev="2">
<attrib name="value" value="28"/></item>
<item name="ADDRA6" rev="2">
<attrib name="value" value="28"/></item>
<item name="ADDRA7" rev="2">
<attrib name="value" value="28"/></item>
<item name="ADDRA8" rev="2">
<attrib name="value" value="28"/></item>
<item name="ADDRA9" rev="2">
<attrib name="value" value="28"/></item>
<item name="ADDRB0" rev="2">
<attrib name="value" value="1"/></item>
<item name="ADDRB1" rev="2">
<attrib name="value" value="3"/></item>
<item name="ADDRB10" rev="2">
<attrib name="value" value="28"/></item>
<item name="ADDRB11" rev="2">
<attrib name="value" value="28"/></item>
<item name="ADDRB12" rev="2">
<attrib name="value" value="28"/></item>
<item name="ADDRB13" rev="2">
<attrib name="value" value="28"/></item>
<item name="ADDRB2" rev="2">
<attrib name="value" value="4"/></item>
<item name="ADDRB3" rev="2">
<attrib name="value" value="23"/></item>
<item name="ADDRB4" rev="2">
<attrib name="value" value="23"/></item>
<item name="ADDRB5" rev="2">
<attrib name="value" value="28"/></item>
<item name="ADDRB6" rev="2">
<attrib name="value" value="28"/></item>
<item name="ADDRB7" rev="2">
<attrib name="value" value="28"/></item>
<item name="ADDRB8" rev="2">
<attrib name="value" value="28"/></item>
<item name="ADDRB9" rev="2">
<attrib name="value" value="28"/></item>
<item name="CLKA" rev="2">
<attrib name="value" value="28"/></item>
<item name="CLKB" rev="2">
<attrib name="value" value="28"/></item>
<item name="DIA0" rev="2">
<attrib name="value" value="26"/></item>
<item name="DIA1" rev="2">
<attrib name="value" value="25"/></item>
<item name="DIA10" rev="2">
<attrib name="value" value="4"/></item>
<item name="DIA11" rev="2">
<attrib name="value" value="4"/></item>
<item name="DIA12" rev="2">
<attrib name="value" value="4"/></item>
<item name="DIA13" rev="2">
<attrib name="value" value="4"/></item>
<item name="DIA14" rev="2">
<attrib name="value" value="4"/></item>
<item name="DIA15" rev="2">
<attrib name="value" value="4"/></item>
<item name="DIA16" rev="2">
<attrib name="value" value="4"/></item>
<item name="DIA17" rev="2">
<attrib name="value" value="4"/></item>
<item name="DIA18" rev="2">
<attrib name="value" value="4"/></item>
<item name="DIA19" rev="2">
<attrib name="value" value="4"/></item>
<item name="DIA2" rev="2">
<attrib name="value" value="23"/></item>
<item name="DIA20" rev="2">
<attrib name="value" value="4"/></item>
<item name="DIA21" rev="2">
<attrib name="value" value="4"/></item>
<item name="DIA22" rev="2">
<attrib name="value" value="4"/></item>
<item name="DIA23" rev="2">
<attrib name="value" value="4"/></item>
<item name="DIA24" rev="2">
<attrib name="value" value="4"/></item>
<item name="DIA25" rev="2">
<attrib name="value" value="4"/></item>
<item name="DIA26" rev="2">
<attrib name="value" value="4"/></item>
<item name="DIA27" rev="2">
<attrib name="value" value="4"/></item>
<item name="DIA28" rev="2">
<attrib name="value" value="4"/></item>
<item name="DIA29" rev="2">
<attrib name="value" value="4"/></item>
<item name="DIA3" rev="2">
<attrib name="value" value="23"/></item>
<item name="DIA30" rev="2">
<attrib name="value" value="4"/></item>
<item name="DIA31" rev="2">
<attrib name="value" value="4"/></item>
<item name="DIA4" rev="2">
<attrib name="value" value="22"/></item>
<item name="DIA5" rev="2">
<attrib name="value" value="22"/></item>
<item name="DIA6" rev="2">
<attrib name="value" value="22"/></item>
<item name="DIA7" rev="2">
<attrib name="value" value="22"/></item>
<item name="DIA8" rev="2">
<attrib name="value" value="4"/></item>
<item name="DIA9" rev="2">
<attrib name="value" value="4"/></item>
<item name="DIB0" rev="2">
<attrib name="value" value="26"/></item>
<item name="DIB1" rev="2">
<attrib name="value" value="25"/></item>
<item name="DIB10" rev="2">
<attrib name="value" value="3"/></item>
<item name="DIB11" rev="2">
<attrib name="value" value="3"/></item>
<item name="DIB12" rev="2">
<attrib name="value" value="3"/></item>
<item name="DIB13" rev="2">
<attrib name="value" value="3"/></item>
<item name="DIB14" rev="2">
<attrib name="value" value="3"/></item>
<item name="DIB15" rev="2">
<attrib name="value" value="3"/></item>
<item name="DIB16" rev="2">
<attrib name="value" value="3"/></item>
<item name="DIB17" rev="2">
<attrib name="value" value="3"/></item>
<item name="DIB18" rev="2">
<attrib name="value" value="3"/></item>
<item name="DIB19" rev="2">
<attrib name="value" value="3"/></item>
<item name="DIB2" rev="2">
<attrib name="value" value="23"/></item>
<item name="DIB20" rev="2">
<attrib name="value" value="3"/></item>
<item name="DIB21" rev="2">
<attrib name="value" value="3"/></item>
<item name="DIB22" rev="2">
<attrib name="value" value="3"/></item>
<item name="DIB23" rev="2">
<attrib name="value" value="3"/></item>
<item name="DIB24" rev="2">
<attrib name="value" value="3"/></item>
<item name="DIB25" rev="2">
<attrib name="value" value="3"/></item>
<item name="DIB26" rev="2">
<attrib name="value" value="3"/></item>
<item name="DIB27" rev="2">
<attrib name="value" value="3"/></item>
<item name="DIB28" rev="2">
<attrib name="value" value="3"/></item>
<item name="DIB29" rev="2">
<attrib name="value" value="3"/></item>
<item name="DIB3" rev="2">
<attrib name="value" value="23"/></item>
<item name="DIB30" rev="2">
<attrib name="value" value="3"/></item>
<item name="DIB31" rev="2">
<attrib name="value" value="3"/></item>
<item name="DIB4" rev="2">
<attrib name="value" value="22"/></item>
<item name="DIB5" rev="2">
<attrib name="value" value="22"/></item>
<item name="DIB6" rev="2">
<attrib name="value" value="22"/></item>
<item name="DIB7" rev="2">
<attrib name="value" value="22"/></item>
<item name="DIB8" rev="2">
<attrib name="value" value="3"/></item>
<item name="DIB9" rev="2">
<attrib name="value" value="3"/></item>
<item name="DIPA0" rev="2">
<attrib name="value" value="22"/></item>
<item name="DIPA1" rev="2">
<attrib name="value" value="4"/></item>
<item name="DIPA2" rev="2">
<attrib name="value" value="4"/></item>
<item name="DIPA3" rev="2">
<attrib name="value" value="4"/></item>
<item name="DIPB0" rev="2">
<attrib name="value" value="22"/></item>
<item name="DIPB1" rev="2">
<attrib name="value" value="3"/></item>
<item name="DIPB2" rev="2">
<attrib name="value" value="3"/></item>
<item name="DIPB3" rev="2">
<attrib name="value" value="3"/></item>
<item name="DOA0" rev="2">
<attrib name="value" value="26"/></item>
<item name="DOA1" rev="2">
<attrib name="value" value="25"/></item>
<item name="DOA10" rev="2">
<attrib name="value" value="2"/></item>
<item name="DOA11" rev="2">
<attrib name="value" value="2"/></item>
<item name="DOA12" rev="2">
<attrib name="value" value="2"/></item>
<item name="DOA13" rev="2">
<attrib name="value" value="2"/></item>
<item name="DOA14" rev="2">
<attrib name="value" value="2"/></item>
<item name="DOA15" rev="2">
<attrib name="value" value="2"/></item>
<item name="DOA16" rev="2">
<attrib name="value" value="3"/></item>
<item name="DOA17" rev="2">
<attrib name="value" value="3"/></item>
<item name="DOA18" rev="2">
<attrib name="value" value="2"/></item>
<item name="DOA19" rev="2">
<attrib name="value" value="2"/></item>
<item name="DOA2" rev="2">
<attrib name="value" value="22"/></item>
<item name="DOA20" rev="2">
<attrib name="value" value="2"/></item>
<item name="DOA21" rev="2">
<attrib name="value" value="2"/></item>
<item name="DOA22" rev="2">
<attrib name="value" value="2"/></item>
<item name="DOA23" rev="2">
<attrib name="value" value="2"/></item>
<item name="DOA24" rev="2">
<attrib name="value" value="3"/></item>
<item name="DOA25" rev="2">
<attrib name="value" value="2"/></item>
<item name="DOA26" rev="2">
<attrib name="value" value="2"/></item>
<item name="DOA27" rev="2">
<attrib name="value" value="2"/></item>
<item name="DOA28" rev="2">
<attrib name="value" value="2"/></item>
<item name="DOA29" rev="2">
<attrib name="value" value="2"/></item>
<item name="DOA3" rev="2">
<attrib name="value" value="22"/></item>
<item name="DOA30" rev="2">
<attrib name="value" value="2"/></item>
<item name="DOA31" rev="2">
<attrib name="value" value="2"/></item>
<item name="DOA4" rev="2">
<attrib name="value" value="21"/></item>
<item name="DOA5" rev="2">
<attrib name="value" value="21"/></item>
<item name="DOA6" rev="2">
<attrib name="value" value="21"/></item>
<item name="DOA7" rev="2">
<attrib name="value" value="21"/></item>
<item name="DOA8" rev="2">
<attrib name="value" value="3"/></item>
<item name="DOA9" rev="2">
<attrib name="value" value="3"/></item>
<item name="DOB0" rev="2">
<attrib name="value" value="28"/></item>
<item name="DOB1" rev="2">
<attrib name="value" value="27"/></item>
<item name="DOB10" rev="2">
<attrib name="value" value="4"/></item>
<item name="DOB11" rev="2">
<attrib name="value" value="4"/></item>
<item name="DOB12" rev="2">
<attrib name="value" value="2"/></item>
<item name="DOB13" rev="2">
<attrib name="value" value="2"/></item>
<item name="DOB14" rev="2">
<attrib name="value" value="2"/></item>
<item name="DOB15" rev="2">
<attrib name="value" value="2"/></item>
<item name="DOB16" rev="2">
<attrib name="value" value="5"/></item>
<item name="DOB17" rev="2">
<attrib name="value" value="5"/></item>
<item name="DOB18" rev="2">
<attrib name="value" value="4"/></item>
<item name="DOB19" rev="2">
<attrib name="value" value="4"/></item>
<item name="DOB2" rev="2">
<attrib name="value" value="24"/></item>
<item name="DOB20" rev="2">
<attrib name="value" value="2"/></item>
<item name="DOB21" rev="2">
<attrib name="value" value="2"/></item>
<item name="DOB22" rev="2">
<attrib name="value" value="2"/></item>
<item name="DOB23" rev="2">
<attrib name="value" value="2"/></item>
<item name="DOB24" rev="2">
<attrib name="value" value="5"/></item>
<item name="DOB25" rev="2">
<attrib name="value" value="4"/></item>
<item name="DOB26" rev="2">
<attrib name="value" value="4"/></item>
<item name="DOB27" rev="2">
<attrib name="value" value="4"/></item>
<item name="DOB28" rev="2">
<attrib name="value" value="2"/></item>
<item name="DOB29" rev="2">
<attrib name="value" value="2"/></item>
<item name="DOB3" rev="2">
<attrib name="value" value="24"/></item>
<item name="DOB30" rev="2">
<attrib name="value" value="2"/></item>
<item name="DOB31" rev="2">
<attrib name="value" value="2"/></item>
<item name="DOB4" rev="2">
<attrib name="value" value="21"/></item>
<item name="DOB5" rev="2">
<attrib name="value" value="21"/></item>
<item name="DOB6" rev="2">
<attrib name="value" value="21"/></item>
<item name="DOB7" rev="2">
<attrib name="value" value="21"/></item>
<item name="DOB8" rev="2">
<attrib name="value" value="5"/></item>
<item name="DOB9" rev="2">
<attrib name="value" value="5"/></item>
<item name="DOPA0" rev="2">
<attrib name="value" value="18"/></item>
<item name="DOPB0" rev="2">
<attrib name="value" value="18"/></item>
<item name="ENA" rev="2">
<attrib name="value" value="28"/></item>
<item name="ENB" rev="2">
<attrib name="value" value="28"/></item>
<item name="SSRA" rev="2">
<attrib name="value" value="28"/></item>
<item name="SSRB" rev="2">
<attrib name="value" value="28"/></item>
<item name="WEA" rev="2">
<attrib name="value" value="28"/></item>
<item name="WEB" rev="2">
<attrib name="value" value="28"/></item>
</group>
<group name="IOB_OFF1">
<item name="CE" rev="2">
<attrib name="value" value="18"/></item>
<item name="CK" rev="2">
<attrib name="value" value="37"/></item>
<item name="D" rev="2">
<attrib name="value" value="37"/></item>
<item name="Q" rev="2">
<attrib name="value" value="37"/></item>
<item name="SR" rev="2">
<attrib name="value" value="13"/></item>
</group>
<group name="IOB_OUTBUF">
<item name="IN" rev="2">
<attrib name="value" value="81"/></item>
<item name="OUT" rev="2">
<attrib name="value" value="81"/></item>
<item name="TRI" rev="2">
<attrib name="value" value="24"/></item>
</group>
<group name="RAMB16_RAMB16A">
<item name="ADDRA" rev="2">
<attrib name="value" value="28"/></item>
<item name="ADDRA0" rev="2">
<attrib name="value" value="1"/></item>
<item name="ADDRA1" rev="2">
<attrib name="value" value="3"/></item>
<item name="ADDRA10" rev="2">
<attrib name="value" value="28"/></item>
<item name="ADDRA11" rev="2">
<attrib name="value" value="28"/></item>
<item name="ADDRA12" rev="2">
<attrib name="value" value="28"/></item>
<item name="ADDRA13" rev="2">
<attrib name="value" value="28"/></item>
<item name="ADDRA2" rev="2">
<attrib name="value" value="4"/></item>
<item name="ADDRA3" rev="2">
<attrib name="value" value="23"/></item>
<item name="ADDRA4" rev="2">
<attrib name="value" value="23"/></item>
<item name="ADDRA5" rev="2">
<attrib name="value" value="28"/></item>
<item name="ADDRA6" rev="2">
<attrib name="value" value="28"/></item>
<item name="ADDRA7" rev="2">
<attrib name="value" value="28"/></item>
<item name="ADDRA8" rev="2">
<attrib name="value" value="28"/></item>
<item name="ADDRA9" rev="2">
<attrib name="value" value="28"/></item>
<item name="CLKA" rev="2">
<attrib name="value" value="28"/></item>
<item name="DIA" rev="2">
<attrib name="value" value="28"/></item>
<item name="DIA0" rev="2">
<attrib name="value" value="26"/></item>
<item name="DIA1" rev="2">
<attrib name="value" value="25"/></item>
<item name="DIA10" rev="2">
<attrib name="value" value="4"/></item>
<item name="DIA11" rev="2">
<attrib name="value" value="4"/></item>
<item name="DIA12" rev="2">
<attrib name="value" value="4"/></item>
<item name="DIA13" rev="2">
<attrib name="value" value="4"/></item>
<item name="DIA14" rev="2">
<attrib name="value" value="4"/></item>
<item name="DIA15" rev="2">
<attrib name="value" value="4"/></item>
<item name="DIA16" rev="2">
<attrib name="value" value="4"/></item>
<item name="DIA17" rev="2">
<attrib name="value" value="4"/></item>
<item name="DIA18" rev="2">
<attrib name="value" value="4"/></item>
<item name="DIA19" rev="2">
<attrib name="value" value="4"/></item>
<item name="DIA2" rev="2">
<attrib name="value" value="23"/></item>
<item name="DIA20" rev="2">
<attrib name="value" value="4"/></item>
<item name="DIA21" rev="2">
<attrib name="value" value="4"/></item>
<item name="DIA22" rev="2">
<attrib name="value" value="4"/></item>
<item name="DIA23" rev="2">
<attrib name="value" value="4"/></item>
<item name="DIA24" rev="2">
<attrib name="value" value="4"/></item>
<item name="DIA25" rev="2">
<attrib name="value" value="4"/></item>
<item name="DIA26" rev="2">
<attrib name="value" value="4"/></item>
<item name="DIA27" rev="2">
<attrib name="value" value="4"/></item>
<item name="DIA28" rev="2">
<attrib name="value" value="4"/></item>
<item name="DIA29" rev="2">
<attrib name="value" value="4"/></item>
<item name="DIA3" rev="2">
<attrib name="value" value="23"/></item>
<item name="DIA30" rev="2">
<attrib name="value" value="4"/></item>
<item name="DIA31" rev="2">
<attrib name="value" value="4"/></item>
<item name="DIA4" rev="2">
<attrib name="value" value="22"/></item>
<item name="DIA5" rev="2">
<attrib name="value" value="22"/></item>
<item name="DIA6" rev="2">
<attrib name="value" value="22"/></item>
<item name="DIA7" rev="2">
<attrib name="value" value="22"/></item>
<item name="DIA8" rev="2">
<attrib name="value" value="4"/></item>
<item name="DIA9" rev="2">
<attrib name="value" value="4"/></item>
<item name="DIPA0" rev="2">
<attrib name="value" value="22"/></item>
<item name="DIPA1" rev="2">
<attrib name="value" value="4"/></item>
<item name="DIPA2" rev="2">
<attrib name="value" value="4"/></item>
<item name="DIPA3" rev="2">
<attrib name="value" value="4"/></item>
<item name="DOA" rev="2">
<attrib name="value" value="28"/></item>
<item name="DOA0" rev="2">
<attrib name="value" value="26"/></item>
<item name="DOA1" rev="2">
<attrib name="value" value="25"/></item>
<item name="DOA10" rev="2">
<attrib name="value" value="2"/></item>
<item name="DOA11" rev="2">
<attrib name="value" value="2"/></item>
<item name="DOA12" rev="2">
<attrib name="value" value="2"/></item>
<item name="DOA13" rev="2">
<attrib name="value" value="2"/></item>
<item name="DOA14" rev="2">
<attrib name="value" value="2"/></item>
<item name="DOA15" rev="2">
<attrib name="value" value="2"/></item>
<item name="DOA16" rev="2">
<attrib name="value" value="3"/></item>
<item name="DOA17" rev="2">
<attrib name="value" value="3"/></item>
<item name="DOA18" rev="2">
<attrib name="value" value="2"/></item>
<item name="DOA19" rev="2">
<attrib name="value" value="2"/></item>
<item name="DOA2" rev="2">
<attrib name="value" value="22"/></item>
<item name="DOA20" rev="2">
<attrib name="value" value="2"/></item>
<item name="DOA21" rev="2">
<attrib name="value" value="2"/></item>
<item name="DOA22" rev="2">
<attrib name="value" value="2"/></item>
<item name="DOA23" rev="2">
<attrib name="value" value="2"/></item>
<item name="DOA24" rev="2">
<attrib name="value" value="3"/></item>
<item name="DOA25" rev="2">
<attrib name="value" value="2"/></item>
<item name="DOA26" rev="2">
<attrib name="value" value="2"/></item>
<item name="DOA27" rev="2">
<attrib name="value" value="2"/></item>
<item name="DOA28" rev="2">
<attrib name="value" value="2"/></item>
<item name="DOA29" rev="2">
<attrib name="value" value="2"/></item>
<item name="DOA3" rev="2">
<attrib name="value" value="22"/></item>
<item name="DOA30" rev="2">
<attrib name="value" value="2"/></item>
<item name="DOA31" rev="2">
<attrib name="value" value="2"/></item>
<item name="DOA4" rev="2">
<attrib name="value" value="21"/></item>
<item name="DOA5" rev="2">
<attrib name="value" value="21"/></item>
<item name="DOA6" rev="2">
<attrib name="value" value="21"/></item>
<item name="DOA7" rev="2">
<attrib name="value" value="21"/></item>
<item name="DOA8" rev="2">
<attrib name="value" value="3"/></item>
<item name="DOA9" rev="2">
<attrib name="value" value="3"/></item>
<item name="DOPA0" rev="2">
<attrib name="value" value="18"/></item>
<item name="ENA" rev="2">
<attrib name="value" value="28"/></item>
<item name="SSRA" rev="2">
<attrib name="value" value="28"/></item>
<item name="WEA" rev="2">
<attrib name="value" value="28"/></item>
</group>
<group name="RAMB16_RAMB16B">
<item name="ADDRB" rev="2">
<attrib name="value" value="28"/></item>
<item name="ADDRB0" rev="2">
<attrib name="value" value="1"/></item>
<item name="ADDRB1" rev="2">
<attrib name="value" value="3"/></item>
<item name="ADDRB10" rev="2">
<attrib name="value" value="28"/></item>
<item name="ADDRB11" rev="2">
<attrib name="value" value="28"/></item>
<item name="ADDRB12" rev="2">
<attrib name="value" value="28"/></item>
<item name="ADDRB13" rev="2">
<attrib name="value" value="28"/></item>
<item name="ADDRB2" rev="2">
<attrib name="value" value="4"/></item>
<item name="ADDRB3" rev="2">
<attrib name="value" value="23"/></item>
<item name="ADDRB4" rev="2">
<attrib name="value" value="23"/></item>
<item name="ADDRB5" rev="2">
<attrib name="value" value="28"/></item>
<item name="ADDRB6" rev="2">
<attrib name="value" value="28"/></item>
<item name="ADDRB7" rev="2">
<attrib name="value" value="28"/></item>
<item name="ADDRB8" rev="2">
<attrib name="value" value="28"/></item>
<item name="ADDRB9" rev="2">
<attrib name="value" value="28"/></item>
<item name="CLKB" rev="2">
<attrib name="value" value="28"/></item>
<item name="DIB" rev="2">
<attrib name="value" value="28"/></item>
<item name="DIB0" rev="2">
<attrib name="value" value="26"/></item>
<item name="DIB1" rev="2">
<attrib name="value" value="25"/></item>
<item name="DIB10" rev="2">
<attrib name="value" value="3"/></item>
<item name="DIB11" rev="2">
<attrib name="value" value="3"/></item>
<item name="DIB12" rev="2">
<attrib name="value" value="3"/></item>
<item name="DIB13" rev="2">
<attrib name="value" value="3"/></item>
<item name="DIB14" rev="2">
<attrib name="value" value="3"/></item>
<item name="DIB15" rev="2">
<attrib name="value" value="3"/></item>
<item name="DIB16" rev="2">
<attrib name="value" value="3"/></item>
<item name="DIB17" rev="2">
<attrib name="value" value="3"/></item>
<item name="DIB18" rev="2">
<attrib name="value" value="3"/></item>
<item name="DIB19" rev="2">
<attrib name="value" value="3"/></item>
<item name="DIB2" rev="2">
<attrib name="value" value="23"/></item>
<item name="DIB20" rev="2">
<attrib name="value" value="3"/></item>
<item name="DIB21" rev="2">
<attrib name="value" value="3"/></item>
<item name="DIB22" rev="2">
<attrib name="value" value="3"/></item>
<item name="DIB23" rev="2">
<attrib name="value" value="3"/></item>
<item name="DIB24" rev="2">
<attrib name="value" value="3"/></item>
<item name="DIB25" rev="2">
<attrib name="value" value="3"/></item>
<item name="DIB26" rev="2">
<attrib name="value" value="3"/></item>
<item name="DIB27" rev="2">
<attrib name="value" value="3"/></item>
<item name="DIB28" rev="2">
<attrib name="value" value="3"/></item>
<item name="DIB29" rev="2">
<attrib name="value" value="3"/></item>
<item name="DIB3" rev="2">
<attrib name="value" value="23"/></item>
<item name="DIB30" rev="2">
<attrib name="value" value="3"/></item>
<item name="DIB31" rev="2">
<attrib name="value" value="3"/></item>
<item name="DIB4" rev="2">
<attrib name="value" value="22"/></item>
<item name="DIB5" rev="2">
<attrib name="value" value="22"/></item>
<item name="DIB6" rev="2">
<attrib name="value" value="22"/></item>
<item name="DIB7" rev="2">
<attrib name="value" value="22"/></item>
<item name="DIB8" rev="2">
<attrib name="value" value="3"/></item>
<item name="DIB9" rev="2">
<attrib name="value" value="3"/></item>
<item name="DIPB0" rev="2">
<attrib name="value" value="22"/></item>
<item name="DIPB1" rev="2">
<attrib name="value" value="3"/></item>
<item name="DIPB2" rev="2">
<attrib name="value" value="3"/></item>
<item name="DIPB3" rev="2">
<attrib name="value" value="3"/></item>
<item name="DOB" rev="2">
<attrib name="value" value="28"/></item>
<item name="DOB0" rev="2">
<attrib name="value" value="28"/></item>
<item name="DOB1" rev="2">
<attrib name="value" value="27"/></item>
<item name="DOB10" rev="2">
<attrib name="value" value="4"/></item>
<item name="DOB11" rev="2">
<attrib name="value" value="4"/></item>
<item name="DOB12" rev="2">
<attrib name="value" value="2"/></item>
<item name="DOB13" rev="2">
<attrib name="value" value="2"/></item>
<item name="DOB14" rev="2">
<attrib name="value" value="2"/></item>
<item name="DOB15" rev="2">
<attrib name="value" value="2"/></item>
<item name="DOB16" rev="2">
<attrib name="value" value="5"/></item>
<item name="DOB17" rev="2">
<attrib name="value" value="5"/></item>
<item name="DOB18" rev="2">
<attrib name="value" value="4"/></item>
<item name="DOB19" rev="2">
<attrib name="value" value="4"/></item>
<item name="DOB2" rev="2">
<attrib name="value" value="24"/></item>
<item name="DOB20" rev="2">
<attrib name="value" value="2"/></item>
<item name="DOB21" rev="2">
<attrib name="value" value="2"/></item>
<item name="DOB22" rev="2">
<attrib name="value" value="2"/></item>
<item name="DOB23" rev="2">
<attrib name="value" value="2"/></item>
<item name="DOB24" rev="2">
<attrib name="value" value="5"/></item>
<item name="DOB25" rev="2">
<attrib name="value" value="4"/></item>
<item name="DOB26" rev="2">
<attrib name="value" value="4"/></item>
<item name="DOB27" rev="2">
<attrib name="value" value="4"/></item>
<item name="DOB28" rev="2">
<attrib name="value" value="2"/></item>
<item name="DOB29" rev="2">
<attrib name="value" value="2"/></item>
<item name="DOB3" rev="2">
<attrib name="value" value="24"/></item>
<item name="DOB30" rev="2">
<attrib name="value" value="2"/></item>
<item name="DOB31" rev="2">
<attrib name="value" value="2"/></item>
<item name="DOB4" rev="2">
<attrib name="value" value="21"/></item>
<item name="DOB5" rev="2">
<attrib name="value" value="21"/></item>
<item name="DOB6" rev="2">
<attrib name="value" value="21"/></item>
<item name="DOB7" rev="2">
<attrib name="value" value="21"/></item>
<item name="DOB8" rev="2">
<attrib name="value" value="5"/></item>
<item name="DOB9" rev="2">
<attrib name="value" value="5"/></item>
<item name="DOPB0" rev="2">
<attrib name="value" value="18"/></item>
<item name="ENB" rev="2">
<attrib name="value" value="28"/></item>
<item name="SSRB" rev="2">
<attrib name="value" value="28"/></item>
<item name="WEB" rev="2">
<attrib name="value" value="28"/></item>
</group>
<group name="IOB_IFF1">
<item name="CE" rev="2">
<attrib name="value" value="8"/></item>
<item name="CK" rev="2">
<attrib name="value" value="8"/></item>
<item name="D" rev="2">
<attrib name="value" value="8"/></item>
<item name="Q" rev="2">
<attrib name="value" value="8"/></item>
</group>
<group name="IBUF">
<item name="I" rev="2">
<attrib name="value" value="18"/></item>
<item name="ICE" rev="2">
<attrib name="value" value="3"/></item>
<item name="ICLK1" rev="2">
<attrib name="value" value="3"/></item>
<item name="IQ1" rev="2">
<attrib name="value" value="3"/></item>
<item name="PAD" rev="2">
<attrib name="value" value="19"/></item>
</group>
<group name="MULT18X18SIO">
<item name="A0" rev="2">
<attrib name="value" value="8"/></item>
<item name="A1" rev="2">
<attrib name="value" value="8"/></item>
<item name="A10" rev="2">
<attrib name="value" value="8"/></item>
<item name="A11" rev="2">
<attrib name="value" value="8"/></item>
<item name="A12" rev="2">
<attrib name="value" value="8"/></item>
<item name="A13" rev="2">
<attrib name="value" value="8"/></item>
<item name="A14" rev="2">
<attrib name="value" value="8"/></item>
<item name="A15" rev="2">
<attrib name="value" value="8"/></item>
<item name="A16" rev="2">
<attrib name="value" value="8"/></item>
<item name="A17" rev="2">
<attrib name="value" value="8"/></item>
<item name="A2" rev="2">
<attrib name="value" value="8"/></item>
<item name="A3" rev="2">
<attrib name="value" value="8"/></item>
<item name="A4" rev="2">
<attrib name="value" value="8"/></item>
<item name="A5" rev="2">
<attrib name="value" value="8"/></item>
<item name="A6" rev="2">
<attrib name="value" value="8"/></item>
<item name="A7" rev="2">
<attrib name="value" value="8"/></item>
<item name="A8" rev="2">
<attrib name="value" value="8"/></item>
<item name="A9" rev="2">
<attrib name="value" value="8"/></item>
<item name="B0" rev="2">
<attrib name="value" value="8"/></item>
<item name="B1" rev="2">
<attrib name="value" value="8"/></item>
<item name="B10" rev="2">
<attrib name="value" value="8"/></item>
<item name="B11" rev="2">
<attrib name="value" value="8"/></item>
<item name="B12" rev="2">
<attrib name="value" value="8"/></item>
<item name="B13" rev="2">
<attrib name="value" value="8"/></item>
<item name="B14" rev="2">
<attrib name="value" value="8"/></item>
<item name="B15" rev="2">
<attrib name="value" value="8"/></item>
<item name="B16" rev="2">
<attrib name="value" value="8"/></item>
<item name="B17" rev="2">
<attrib name="value" value="8"/></item>
<item name="B2" rev="2">
<attrib name="value" value="8"/></item>
<item name="B3" rev="2">
<attrib name="value" value="8"/></item>
<item name="B4" rev="2">
<attrib name="value" value="8"/></item>
<item name="B5" rev="2">
<attrib name="value" value="8"/></item>
<item name="B6" rev="2">
<attrib name="value" value="8"/></item>
<item name="B7" rev="2">
<attrib name="value" value="8"/></item>
<item name="B8" rev="2">
<attrib name="value" value="8"/></item>
<item name="B9" rev="2">
<attrib name="value" value="8"/></item>
<item name="CEA" rev="2">
<attrib name="value" value="8"/></item>
<item name="CEB" rev="2">
<attrib name="value" value="8"/></item>
<item name="CEP" rev="2">
<attrib name="value" value="8"/></item>
<item name="CLK" rev="2">
<attrib name="value" value="8"/></item>
<item name="P0" rev="2">
<attrib name="value" value="8"/></item>
<item name="P1" rev="2">
<attrib name="value" value="8"/></item>
<item name="P10" rev="2">
<attrib name="value" value="8"/></item>
<item name="P11" rev="2">
<attrib name="value" value="8"/></item>
<item name="P12" rev="2">
<attrib name="value" value="8"/></item>
<item name="P13" rev="2">
<attrib name="value" value="8"/></item>
<item name="P14" rev="2">
<attrib name="value" value="8"/></item>
<item name="P15" rev="2">
<attrib name="value" value="8"/></item>
<item name="P16" rev="2">
<attrib name="value" value="8"/></item>
<item name="P17" rev="2">
<attrib name="value" value="8"/></item>
<item name="P18" rev="2">
<attrib name="value" value="8"/></item>
<item name="P19" rev="2">
<attrib name="value" value="8"/></item>
<item name="P2" rev="2">
<attrib name="value" value="8"/></item>
<item name="P20" rev="2">
<attrib name="value" value="8"/></item>
<item name="P21" rev="2">
<attrib name="value" value="8"/></item>
<item name="P22" rev="2">
<attrib name="value" value="8"/></item>
<item name="P23" rev="2">
<attrib name="value" value="8"/></item>
<item name="P24" rev="2">
<attrib name="value" value="8"/></item>
<item name="P25" rev="2">
<attrib name="value" value="8"/></item>
<item name="P26" rev="2">
<attrib name="value" value="8"/></item>
<item name="P27" rev="2">
<attrib name="value" value="8"/></item>
<item name="P28" rev="2">
<attrib name="value" value="8"/></item>
<item name="P29" rev="2">
<attrib name="value" value="8"/></item>
<item name="P3" rev="2">
<attrib name="value" value="8"/></item>
<item name="P30" rev="2">
<attrib name="value" value="6"/></item>
<item name="P31" rev="2">
<attrib name="value" value="6"/></item>
<item name="P32" rev="2">
<attrib name="value" value="4"/></item>
<item name="P33" rev="2">
<attrib name="value" value="2"/></item>
<item name="P34" rev="2">
<attrib name="value" value="2"/></item>
<item name="P4" rev="2">
<attrib name="value" value="8"/></item>
<item name="P5" rev="2">
<attrib name="value" value="8"/></item>
<item name="P6" rev="2">
<attrib name="value" value="8"/></item>
<item name="P7" rev="2">
<attrib name="value" value="8"/></item>
<item name="P8" rev="2">
<attrib name="value" value="8"/></item>
<item name="P9" rev="2">
<attrib name="value" value="8"/></item>
<item name="RSTA" rev="2">
<attrib name="value" value="8"/></item>
<item name="RSTB" rev="2">
<attrib name="value" value="8"/></item>
<item name="RSTP" rev="2">
<attrib name="value" value="8"/></item>
</group>
<group name="IOB_INBUF">
<item name="IN" rev="2">
<attrib name="value" value="24"/></item>
<item name="OUT" rev="2">
<attrib name="value" value="24"/></item>
</group>
<group name="SLICEM_F5MUX">
<item name="F" rev="2">
<attrib name="value" value="2"/></item>
<item name="G" rev="2">
<attrib name="value" value="2"/></item>
<item name="OUT" rev="2">
<attrib name="value" value="2"/></item>
<item name="S0" rev="2">
<attrib name="value" value="2"/></item>
</group>
<group name="SLICEL_C2VDD">
<item name="1" rev="2">
<attrib name="value" value="14"/></item>
</group>
<group name="SLICEL_XORF">
<item name="0" rev="2">
<attrib name="value" value="557"/></item>
<item name="1" rev="2">
<attrib name="value" value="557"/></item>
<item name="O" rev="2">
<attrib name="value" value="557"/></item>
</group>
<group name="SLICEL_FFX">
<item name="CE" rev="2">
<attrib name="value" value="501"/></item>
<item name="CK" rev="2">
<attrib name="value" value="1153"/></item>
<item name="D" rev="2">
<attrib name="value" value="1153"/></item>
<item name="Q" rev="2">
<attrib name="value" value="1153"/></item>
<item name="SR" rev="2">
<attrib name="value" value="233"/></item>
</group>
<group name="SLICEL_FFY">
<item name="CE" rev="2">
<attrib name="value" value="1048"/></item>
<item name="CK" rev="2">
<attrib name="value" value="1946"/></item>
<item name="D" rev="2">
<attrib name="value" value="1946"/></item>
<item name="Q" rev="2">
<attrib name="value" value="1946"/></item>
<item name="REV" rev="2">
<attrib name="value" value="46"/></item>
<item name="SR" rev="2">
<attrib name="value" value="423"/></item>
</group>
<group name="SLICEL_XORG">
<item name="0" rev="2">
<attrib name="value" value="535"/></item>
<item name="1" rev="2">
<attrib name="value" value="535"/></item>
<item name="O" rev="2">
<attrib name="value" value="535"/></item>
</group>
<group name="BUFGMUX_GCLKMUX">
<item name="I0" rev="2">
<attrib name="value" value="2"/></item>
<item name="I1" rev="2">
<attrib name="value" value="1"/></item>
<item name="OUT" rev="2">
<attrib name="value" value="2"/></item>
<item name="S" rev="2">
<attrib name="value" value="2"/></item>
</group>
<group name="SLICEL_F5MUX">
<item name="F" rev="2">
<attrib name="value" value="505"/></item>
<item name="G" rev="2">
<attrib name="value" value="505"/></item>
<item name="OUT" rev="2">
<attrib name="value" value="505"/></item>
<item name="S0" rev="2">
<attrib name="value" value="505"/></item>
</group>
<group name="SLICEL_GAND">
<item name="0" rev="2">
<attrib name="value" value="30"/></item>
<item name="1" rev="2">
<attrib name="value" value="30"/></item>
<item name="O" rev="2">
<attrib name="value" value="30"/></item>
</group>
<group name="MULT18X18SIO_MULT18X18SIO">
<item name="A0" rev="2">
<attrib name="value" value="8"/></item>
<item name="A1" rev="2">
<attrib name="value" value="8"/></item>
<item name="A10" rev="2">
<attrib name="value" value="8"/></item>
<item name="A11" rev="2">
<attrib name="value" value="8"/></item>
<item name="A12" rev="2">
<attrib name="value" value="8"/></item>
<item name="A13" rev="2">
<attrib name="value" value="8"/></item>
<item name="A14" rev="2">
<attrib name="value" value="8"/></item>
<item name="A15" rev="2">
<attrib name="value" value="8"/></item>
<item name="A16" rev="2">
<attrib name="value" value="8"/></item>
<item name="A17" rev="2">
<attrib name="value" value="8"/></item>
<item name="A2" rev="2">
<attrib name="value" value="8"/></item>
<item name="A3" rev="2">
<attrib name="value" value="8"/></item>
<item name="A4" rev="2">
<attrib name="value" value="8"/></item>
<item name="A5" rev="2">
<attrib name="value" value="8"/></item>
<item name="A6" rev="2">
<attrib name="value" value="8"/></item>
<item name="A7" rev="2">
<attrib name="value" value="8"/></item>
<item name="A8" rev="2">
<attrib name="value" value="8"/></item>
<item name="A9" rev="2">
<attrib name="value" value="8"/></item>
<item name="B0" rev="2">
<attrib name="value" value="8"/></item>
<item name="B1" rev="2">
<attrib name="value" value="8"/></item>
<item name="B10" rev="2">
<attrib name="value" value="8"/></item>
<item name="B11" rev="2">
<attrib name="value" value="8"/></item>
<item name="B12" rev="2">
<attrib name="value" value="8"/></item>
<item name="B13" rev="2">
<attrib name="value" value="8"/></item>
<item name="B14" rev="2">
<attrib name="value" value="8"/></item>
<item name="B15" rev="2">
<attrib name="value" value="8"/></item>
<item name="B16" rev="2">
<attrib name="value" value="8"/></item>
<item name="B17" rev="2">
<attrib name="value" value="8"/></item>
<item name="B2" rev="2">
<attrib name="value" value="8"/></item>
<item name="B3" rev="2">
<attrib name="value" value="8"/></item>
<item name="B4" rev="2">
<attrib name="value" value="8"/></item>
<item name="B5" rev="2">
<attrib name="value" value="8"/></item>
<item name="B6" rev="2">
<attrib name="value" value="8"/></item>
<item name="B7" rev="2">
<attrib name="value" value="8"/></item>
<item name="B8" rev="2">
<attrib name="value" value="8"/></item>
<item name="B9" rev="2">
<attrib name="value" value="8"/></item>
<item name="CEA" rev="2">
<attrib name="value" value="8"/></item>
<item name="CEB" rev="2">
<attrib name="value" value="8"/></item>
<item name="CEP" rev="2">
<attrib name="value" value="8"/></item>
<item name="CLK" rev="2">
<attrib name="value" value="8"/></item>
<item name="P0" rev="2">
<attrib name="value" value="8"/></item>
<item name="P1" rev="2">
<attrib name="value" value="8"/></item>
<item name="P10" rev="2">
<attrib name="value" value="8"/></item>
<item name="P11" rev="2">
<attrib name="value" value="8"/></item>
<item name="P12" rev="2">
<attrib name="value" value="8"/></item>
<item name="P13" rev="2">
<attrib name="value" value="8"/></item>
<item name="P14" rev="2">
<attrib name="value" value="8"/></item>
<item name="P15" rev="2">
<attrib name="value" value="8"/></item>
<item name="P16" rev="2">
<attrib name="value" value="8"/></item>
<item name="P17" rev="2">
<attrib name="value" value="8"/></item>
<item name="P18" rev="2">
<attrib name="value" value="8"/></item>
<item name="P19" rev="2">
<attrib name="value" value="8"/></item>
<item name="P2" rev="2">
<attrib name="value" value="8"/></item>
<item name="P20" rev="2">
<attrib name="value" value="8"/></item>
<item name="P21" rev="2">
<attrib name="value" value="8"/></item>
<item name="P22" rev="2">
<attrib name="value" value="8"/></item>
<item name="P23" rev="2">
<attrib name="value" value="8"/></item>
<item name="P24" rev="2">
<attrib name="value" value="8"/></item>
<item name="P25" rev="2">
<attrib name="value" value="8"/></item>
<item name="P26" rev="2">
<attrib name="value" value="8"/></item>
<item name="P27" rev="2">
<attrib name="value" value="8"/></item>
<item name="P28" rev="2">
<attrib name="value" value="8"/></item>
<item name="P29" rev="2">
<attrib name="value" value="8"/></item>
<item name="P3" rev="2">
<attrib name="value" value="8"/></item>
<item name="P30" rev="2">
<attrib name="value" value="6"/></item>
<item name="P31" rev="2">
<attrib name="value" value="6"/></item>
<item name="P32" rev="2">
<attrib name="value" value="4"/></item>
<item name="P33" rev="2">
<attrib name="value" value="2"/></item>
<item name="P34" rev="2">
<attrib name="value" value="2"/></item>
<item name="P4" rev="2">
<attrib name="value" value="8"/></item>
<item name="P5" rev="2">
<attrib name="value" value="8"/></item>
<item name="P6" rev="2">
<attrib name="value" value="8"/></item>
<item name="P7" rev="2">
<attrib name="value" value="8"/></item>
<item name="P8" rev="2">
<attrib name="value" value="8"/></item>
<item name="P9" rev="2">
<attrib name="value" value="8"/></item>
<item name="RSTA" rev="2">
<attrib name="value" value="8"/></item>
<item name="RSTB" rev="2">
<attrib name="value" value="8"/></item>
<item name="RSTP" rev="2">
<attrib name="value" value="8"/></item>
</group>
<group name="IBUF_IFF1">
<item name="CE" rev="2">
<attrib name="value" value="3"/></item>
<item name="CK" rev="2">
<attrib name="value" value="3"/></item>
<item name="D" rev="2">
<attrib name="value" value="3"/></item>
<item name="Q" rev="2">
<attrib name="value" value="3"/></item>
</group>
<group name="SLICEM_GMC15_BLACKBOX">
<item name="MC15" rev="2">
<attrib name="value" value="2"/></item>
<item name="WS2" rev="2">
<attrib name="value" value="2"/></item>
</group>
<group name="SLICEM_WSGEN">
<item name="CK" rev="2">
<attrib name="value" value="56"/></item>
<item name="WE" rev="2">
<attrib name="value" value="56"/></item>
<item name="WSF" rev="2">
<attrib name="value" value="25"/></item>
<item name="WSG" rev="2">
<attrib name="value" value="56"/></item>
</group>
<group name="SLICEM_FFX">
<item name="CK" rev="2">
<attrib name="value" value="27"/></item>
<item name="D" rev="2">
<attrib name="value" value="27"/></item>
<item name="Q" rev="2">
<attrib name="value" value="27"/></item>
</group>
<group name="SLICEM_FFY">
<item name="CK" rev="2">
<attrib name="value" value="54"/></item>
<item name="D" rev="2">
<attrib name="value" value="54"/></item>
<item name="Q" rev="2">
<attrib name="value" value="54"/></item>
</group>
<group name="IOB_PAD">
<item name="PAD" rev="2">
<attrib name="value" value="81"/></item>
</group>
<group name="IOB">
<item name="I" rev="2">
<attrib name="value" value="24"/></item>
<item name="ICE" rev="2">
<attrib name="value" value="8"/></item>
<item name="ICLK1" rev="2">
<attrib name="value" value="8"/></item>
<item name="IQ1" rev="2">
<attrib name="value" value="8"/></item>
<item name="O1" rev="2">
<attrib name="value" value="81"/></item>
<item name="OCE" rev="2">
<attrib name="value" value="18"/></item>
<item name="OTCLK1" rev="2">
<attrib name="value" value="37"/></item>
<item name="PAD" rev="2">
<attrib name="value" value="81"/></item>
<item name="SR" rev="2">
<attrib name="value" value="13"/></item>
<item name="T1" rev="2">
<attrib name="value" value="24"/></item>
</group>
<group name="SLICEL_C1VDD">
<item name="1" rev="2">
<attrib name="value" value="23"/></item>
</group>
<group name="DCM_DCM">
<item name="CLK0" rev="2">
<attrib name="value" value="1"/></item>
<item name="CLKDV" rev="2">
<attrib name="value" value="1"/></item>
<item name="CLKFB" rev="2">
<attrib name="value" value="1"/></item>
<item name="CLKIN" rev="2">
<attrib name="value" value="1"/></item>
<item name="PSCLK" rev="2">
<attrib name="value" value="1"/></item>
<item name="PSEN" rev="2">
<attrib name="value" value="1"/></item>
<item name="PSINCDEC" rev="2">
<attrib name="value" value="1"/></item>
<item name="RST" rev="2">
<attrib name="value" value="1"/></item>
</group>
<group name="BUFGMUX">
<item name="I0" rev="2">
<attrib name="value" value="2"/></item>
<item name="I1" rev="2">
<attrib name="value" value="1"/></item>
<item name="O" rev="2">
<attrib name="value" value="2"/></item>
<item name="S" rev="2">
<attrib name="value" value="2"/></item>
</group>
<group name="SLICEL_FAND">
<item name="0" rev="2">
<attrib name="value" value="32"/></item>
<item name="1" rev="2">
<attrib name="value" value="32"/></item>
<item name="O" rev="2">
<attrib name="value" value="32"/></item>
</group>
<group name="DCM">
<item name="CLK0" rev="2">
<attrib name="value" value="1"/></item>
<item name="CLKDV" rev="2">
<attrib name="value" value="1"/></item>
<item name="CLKFB" rev="2">
<attrib name="value" value="1"/></item>
<item name="CLKIN" rev="2">
<attrib name="value" value="1"/></item>
<item name="PSCLK" rev="2">
<attrib name="value" value="1"/></item>
<item name="PSEN" rev="2">
<attrib name="value" value="1"/></item>
<item name="PSINCDEC" rev="2">
<attrib name="value" value="1"/></item>
<item name="RST" rev="2">
<attrib name="value" value="1"/></item>
</group>
<group name="SLICEL_F">
<item name="A1" rev="2">
<attrib name="value" value="2163"/></item>
<item name="A2" rev="2">
<attrib name="value" value="1983"/></item>
<item name="A3" rev="2">
<attrib name="value" value="1598"/></item>
<item name="A4" rev="2">
<attrib name="value" value="732"/></item>
<item name="D" rev="2">
<attrib name="value" value="2179"/></item>
</group>
<group name="SLICEL_G">
<item name="A1" rev="2">
<attrib name="value" value="2153"/></item>
<item name="A2" rev="2">
<attrib name="value" value="1943"/></item>
<item name="A3" rev="2">
<attrib name="value" value="1589"/></item>
<item name="A4" rev="2">
<attrib name="value" value="737"/></item>
<item name="D" rev="2">
<attrib name="value" value="2162"/></item>
</group>
<group name="IBUF_IFD_DELAY">
<item name="IN" rev="2">
<attrib name="value" value="3"/></item>
<item name="OUT" rev="2">
<attrib name="value" value="3"/></item>
</group>
<group name="RAMB16_RAMB16">
<item name="ADDRA" rev="2">
<attrib name="value" value="28"/></item>
<item name="ADDRB" rev="2">
<attrib name="value" value="28"/></item>
<item name="DIA" rev="2">
<attrib name="value" value="28"/></item>
<item name="DIB" rev="2">
<attrib name="value" value="28"/></item>
<item name="DOA" rev="2">
<attrib name="value" value="28"/></item>
<item name="DOB" rev="2">
<attrib name="value" value="28"/></item>
</group>
<group name="SLICEL_GNDF">
<item name="0" rev="2">
<attrib name="value" value="233"/></item>
</group>
<group name="SLICEL_GNDG">
<item name="0" rev="2">
<attrib name="value" value="236"/></item>
</group>
</ReportPinData>
<CmdHistory>
</CmdHistory>
</DeviceUsageSummary>
