<?xml version="1.0" encoding="UTF-8" ?>
<document>
<!--The data in this file is primarily intended for consumption by Xilinx tools.
The structure and the elements are likely to change over the next few releases.
This means code written to parse this file will need to be revisited each subsequent release.-->
<application name="pn" timeStamp="Sun Sep 22 17:53:08 2013">
<section name="Project Information" visible="false">
<property name="ProjectID" value="B87F78F831BF40A6A694A82BFF067525" type="project"/>
<property name="ProjectIteration" value="2" type="project"/>
<property name="ProjectFile" value="E:/N.I.G.E.-Machine/Xilinx/NIGE_Machine.xise" type="project"/>
<property name="ProjectCreationTimestamp" value="2012-04-06T21:49:45" type="project"/>
</section>
<section name="Project Statistics" visible="true">
<property name="PROPEXT_xilxSynthAddBufg_spartan3e" value="16" type="process"/>
<property name="PROPEXT_xilxSynthMaxFanout_virtex2" value="100000" type="process"/>
<property name="PROP_Enable_Message_Filtering" value="false" type="design"/>
<property name="PROP_FitterReportFormat" value="HTML" type="process"/>
<property name="PROP_ISimsUseCustomWaveConfigFile_behav" value="true" type="process"/>
<property name="PROP_LastAppliedGoal" value="Timing Performance" type="design"/>
<property name="PROP_LastAppliedStrategy" value="SmartXplorer - mapuseioregct8;E:/Electronics/FPGA_projects/Computer_NIGE/mapuseioregct8.xds" type="design"/>
<property name="PROP_LastUnlockStatus" value="true" type="process"/>
<property name="PROP_ManualCompileOrderImp" value="false" type="design"/>
<property name="PROP_PropSpecInProjFile" value="Store all values" type="design"/>
<property name="PROP_SelectedInstanceHierarchicalPath" value="/TestbenchBoard/prj" type="process"/>
<property name="PROP_Simulator" value="ISim (VHDL/Verilog)" type="design"/>
<property name="PROP_SynthOptEffort" value="High" type="process"/>
<property name="PROP_SynthTopFile" value="changed" type="process"/>
<property name="PROP_Top_Level_Module_Type" value="HDL" type="design"/>
<property name="PROP_UseSmartGuide" value="false" type="design"/>
<property name="PROP_UserBrowsedStrategyFiles" value="E:/N.I.G.E.-Machine/Xilinx/smartxplorer_results/run14/currentprojectnavigatorsettingsct14.xds" type="process"/>
<property name="PROP_UserConstraintEditorPreference" value="Text Editor" type="process"/>
<property name="PROP_intProjectCreationTimestamp" value="2012-04-06T21:49:45" type="design"/>
<property name="PROP_intWbtProjectID" value="B87F78F831BF40A6A694A82BFF067525" type="design"/>
<property name="PROP_intWbtProjectIteration" value="2" type="process"/>
<property name="PROP_intWorkingDirLocWRTProjDir" value="Same" type="design"/>
<property name="PROP_intWorkingDirUsed" value="No" type="design"/>
<property name="PROP_lockPinsUcfFile" value="changed" type="process"/>
<property name="PROP_mapUseRLOCConstraints" value="No" type="process"/>
<property name="PROP_selectedSimRootSourceNode_behav" value="work.Board_Nexys2_1200" type="process"/>
<property name="PROP_xilxBitgStart_Clk" value="JTAG Clock" type="process"/>
<property name="PROP_xilxMapCoverMode" value="Speed" type="process"/>
<property name="PROP_xilxMapPackRegInto" value="For Inputs and Outputs" type="process"/>
<property name="PROP_xilxMapTimingDrivenPacking" value="true" type="process"/>
<property name="PROP_xilxSynthRegBalancing" value="Yes" type="process"/>
<property name="PROP_xstUseClockEnable" value="Auto" type="process"/>
<property name="PROP_xstUseSyncReset" value="Auto" type="process"/>
<property name="PROP_xstUseSyncSet" value="Auto" type="process"/>
<property name="PROP_AutoTop" value="false" type="design"/>
<property name="PROP_DevFamily" value="Spartan3E" type="design"/>
<property name="PROP_ISimsUseCustomWaveConfigFilename_behav" value="changed" type="process"/>
<property name="PROP_MapLogicOptimization" value="true" type="process"/>
<property name="PROP_MapRegDuplication" value="On" type="process"/>
<property name="PROP_DevDevice" value="xc3s1200e" type="design"/>
<property name="PROP_DevFamilyPMName" value="spartan3e" type="design"/>
<property name="PROP_MapExtraEffort" value="Normal" type="process"/>
<property name="PROP_DevPackage" value="fg320" type="design"/>
<property name="PROP_Synthesis_Tool" value="XST (VHDL/Verilog)" type="design"/>
<property name="PROP_DevSpeed" value="-4" type="design"/>
<property name="PROP_PreferredLanguage" value="VHDL" type="design"/>
<property name="FILE_COREGEN" value="16" type="source"/>
<property name="FILE_UCF" value="1" type="source"/>
<property name="FILE_VERILOG" value="1" type="source"/>
<property name="FILE_VHDL" value="23" type="source"/>
<property name="FILE_XAW" value="1" type="source"/>
</section>
</application>
</document>
