<?xml version="1.0" encoding="UTF-8"?>
<!-- IMPORTANT: This is an internal file that has been generated
     by the Xilinx ISE software.  Any direct editing or
     changes made to this file may result in unpredictable
     behavior or data corruption.  It is strongly advised that
     users do not edit the contents of this file. -->
<DeviceUsageSummary rev="1">
<DesignStatistics TimeStamp="Sun Mar 30 17:27:05 2014"><group name="MiscellaneousStatistics">
<item name="AGG_BONDED_IO" rev="1">
<attrib name="value" value="108"/></item>
<item name="AGG_IO" rev="1">
<attrib name="value" value="108"/></item>
<item name="AGG_LOCED_IO" rev="1">
<attrib name="value" value="108"/></item>
<item name="AGG_SLICE" rev="1">
<attrib name="value" value="2236"/></item>
<item name="NUM_BONDED_IOB33" rev="1">
<attrib name="value" value="108"/></item>
<item name="NUM_BSFULL" rev="1">
<attrib name="value" value="3081"/></item>
<item name="NUM_BSLUTONLY" rev="1">
<attrib name="value" value="2473"/></item>
<item name="NUM_BSREGONLY" rev="1">
<attrib name="value" value="1607"/></item>
<item name="NUM_BSUSED" rev="1">
<attrib name="value" value="7161"/></item>
<item name="NUM_BUFG" rev="1">
<attrib name="value" value="6"/></item>
<item name="NUM_DSP48E1" rev="1">
<attrib name="value" value="8"/></item>
<item name="NUM_ILOGICE2" rev="1">
<attrib name="value" value="36"/></item>
<item name="NUM_IOB_FF" rev="1">
<attrib name="value" value="64"/></item>
<item name="NUM_LOCED_IOB33" rev="1">
<attrib name="value" value="108"/></item>
<item name="NUM_LOGIC_O5ANDO6" rev="1">
<attrib name="value" value="965"/></item>
<item name="NUM_LOGIC_O5ONLY" rev="1">
<attrib name="value" value="342"/></item>
<item name="NUM_LOGIC_O6ONLY" rev="1">
<attrib name="value" value="3850"/></item>
<item name="NUM_LUT_RT_DRIVES_CARRY4" rev="1">
<attrib name="value" value="19"/></item>
<item name="NUM_LUT_RT_DRIVES_FLOP" rev="1">
<attrib name="value" value="354"/></item>
<item name="NUM_LUT_RT_DRIVES_OTHERS" rev="1">
<attrib name="value" value="3"/></item>
<item name="NUM_LUT_RT_EXO5" rev="1">
<attrib name="value" value="353"/></item>
<item name="NUM_LUT_RT_EXO6" rev="1">
<attrib name="value" value="22"/></item>
<item name="NUM_LUT_RT_O5" rev="1">
<attrib name="value" value="446"/></item>
<item name="NUM_LUT_RT_O5ANDO6" rev="1">
<attrib name="value" value="1"/></item>
<item name="NUM_LUT_RT_O6" rev="1">
<attrib name="value" value="342"/></item>
<item name="NUM_MMCME2_ADV" rev="1">
<attrib name="value" value="1"/></item>
<item name="NUM_OLOGICE2" rev="1">
<attrib name="value" value="28"/></item>
<item name="NUM_RAMB18E1" rev="1">
<attrib name="value" value="5"/></item>
<item name="NUM_RAMB36E1" rev="1">
<attrib name="value" value="44"/></item>
<item name="NUM_SLICEL" rev="1">
<attrib name="value" value="2227"/></item>
<item name="NUM_SLICEM" rev="1">
<attrib name="value" value="9"/></item>
<item name="NUM_SLICE_CARRY4" rev="1">
<attrib name="value" value="488"/></item>
<item name="NUM_SLICE_CONTROLSET" rev="1">
<attrib name="value" value="59"/></item>
<item name="NUM_SLICE_CYINIT" rev="1">
<attrib name="value" value="7363"/></item>
<item name="NUM_SLICE_F7MUX" rev="1">
<attrib name="value" value="177"/></item>
<item name="NUM_SLICE_FF" rev="1">
<attrib name="value" value="5322"/></item>
<item name="NUM_SLICE_LATCH" rev="1">
<attrib name="value" value="1"/></item>
<item name="NUM_SLICE_LATCHLOGIC" rev="1">
<attrib name="value" value="5"/></item>
<item name="NUM_SLICE_UNUSEDCTRL" rev="1">
<attrib name="value" value="706"/></item>
<item name="NUM_SRL_O5ANDO6" rev="1">
<attrib name="value" value="16"/></item>
<item name="NUM_SRL_O6ONLY" rev="1">
<attrib name="value" value="5"/></item>
<item name="NUM_UNUSABLE_FF_BELS" rev="1">
<attrib name="value" value="168"/></item>
<item name="Xilinx Core blk_mem_gen_v7_3, Xilinx CORE Generator 14.6" rev="1">
<attrib name="value" value="9"/></item>
<item name="Xilinx Core c_addsub_v11_0, Xilinx CORE Generator 14.6" rev="1">
<attrib name="value" value="1"/></item>
<item name="Xilinx Core div_gen_v3_0, Xilinx CORE Generator 14.6" rev="1">
<attrib name="value" value="2"/></item>
<item name="Xilinx Core mult_gen_v11_2, Xilinx CORE Generator 14.6" rev="1">
<attrib name="value" value="2"/></item>
</group>
</DesignStatistics>
<CmdHistory>
</CmdHistory>
</DeviceUsageSummary>
