<?xml version="1.0" encoding="UTF-8" ?>
<document>
<!--The data in this file is primarily intended for consumption by Xilinx tools.
The structure and the elements are likely to change over the next few releases.
This means code written to parse this file will need to be revisited each subsequent release.-->
<application name="pn" timeStamp="Wed Nov 06 16:00:45 2013">
<section name="Project Information" visible="false">
<property name="ProjectID" value="B87F78F831BF40A6A694A82BFF067525" type="project"/>
<property name="ProjectIteration" value="1" type="project"/>
<property name="ProjectFile" value="E:/N.I.G.E.-Machine/Xilinx/NIGE_Machine.xise" type="project"/>
<property name="ProjectCreationTimestamp" value="2012-04-06T21:49:45" type="project"/>
</section>
<section name="Project Statistics" visible="true">
<property name="PROPEXT_xilxMapPackRegInto_virtex5" value="For Inputs and Outputs" type="process"/>
<property name="PROP_Enable_Message_Filtering" value="false" type="design"/>
<property name="PROP_FitterReportFormat" value="HTML" type="process"/>
<property name="PROP_ISimsUseCustomWaveConfigFile_behav" value="true" type="process"/>
<property name="PROP_LastAppliedGoal" value="Timing Performance" type="design"/>
<property name="PROP_LastAppliedStrategy" value="SmartXplorer - mapuseioregct8;E:/Electronics/FPGA_projects/Computer_NIGE/mapuseioregct8.xds" type="design"/>
<property name="PROP_LastUnlockStatus" value="true" type="process"/>
<property name="PROP_ManualCompileOrderImp" value="false" type="design"/>
<property name="PROP_MapEffortLevel_virtex5" value="Standard" type="process"/>
<property name="PROP_MapLogicOptimization_virtex5" value="true" type="process"/>
<property name="PROP_PropSpecInProjFile" value="Store all values" type="design"/>
<property name="PROP_SelectedInstanceHierarchicalPath" value="/TestbenchBoard" type="process"/>
<property name="PROP_Simulator" value="ISim (VHDL/Verilog)" type="design"/>
<property name="PROP_SynthOptEffort" value="High" type="process"/>
<property name="PROP_SynthTopFile" value="changed" type="process"/>
<property name="PROP_Top_Level_Module_Type" value="HDL" type="design"/>
<property name="PROP_UseSmartGuide" value="false" type="design"/>
<property name="PROP_UserBrowsedStrategyFiles" value="E:/N.I.G.E.-Machine/Xilinx/smartxplorer_results/run14/currentprojectnavigatorsettingsct14.xds" type="process"/>
<property name="PROP_UserConstraintEditorPreference" value="Text Editor" type="process"/>
<property name="PROP_VHDLSourceAnalysisStandard" value="VHDL-200X" type="process"/>
<property name="PROP_intProjectCreationTimestamp" value="2012-04-06T21:49:45" type="design"/>
<property name="PROP_intWbtProjectID" value="B87F78F831BF40A6A694A82BFF067525" type="design"/>
<property name="PROP_intWbtProjectIteration" value="1" type="process"/>
<property name="PROP_intWorkingDirLocWRTProjDir" value="Same" type="design"/>
<property name="PROP_intWorkingDirUsed" value="No" type="design"/>
<property name="PROP_lockPinsUcfFile" value="changed" type="process"/>
<property name="PROP_selectedSimRootSourceNode_behav" value="work.TestbenchBoard" type="process"/>
<property name="PROP_xilxMapCoverMode" value="Speed" type="process"/>
<property name="PROP_xilxMapTimingDrivenPacking" value="true" type="process"/>
<property name="PROP_xilxSynthRegBalancing" value="Yes" type="process"/>
<property name="PROPEXT_mapTimingMode_virtex5" value="Non Timing Driven" type="process"/>
<property name="PROPEXT_xilxPAReffortLevel_virtex5" value="Standard" type="process"/>
<property name="PROP_AutoTop" value="false" type="design"/>
<property name="PROP_DevFamily" value="Artix7" type="design"/>
<property name="PROP_ISimsUseCustomWaveConfigFilename_behav" value="changed" type="process"/>
<property name="PROP_MapPlacerCostTable" value="71" type="process"/>
<property name="PROP_DevDevice" value="xc7a100t" type="design"/>
<property name="PROP_DevFamilyPMName" value="artix7" type="design"/>
<property name="PROP_xilxPARplacerCostTable" value="71" type="process"/>
<property name="PROP_DevPackage" value="csg324" type="design"/>
<property name="PROP_Synthesis_Tool" value="XST (VHDL/Verilog)" type="design"/>
<property name="PROP_DevSpeed" value="-3" type="design"/>
<property name="PROP_PreferredLanguage" value="VHDL" type="design"/>
<property name="FILE_COREGEN" value="13" type="source"/>
<property name="FILE_UCF" value="1" type="source"/>
<property name="FILE_VERILOG" value="1" type="source"/>
<property name="FILE_VHDL" value="27" type="source"/>
</section>
</application>
</document>
