<?xml version="1.0"?>
<Runs Version="1" Minor="0">
	<Run Id="CLOCKMANAGER_synth_1" LaunchDir="E:/N.I.G.E.-Machine/Xilinx_Vivado/NIGE_Machine.runs/CLOCKMANAGER_synth_1" FlowId="Vivado_Synthesis" FromStepId="vivado" ToStepId="vivado"/>
	<Run Id="Char_RAM_synth_1" LaunchDir="E:/N.I.G.E.-Machine/Xilinx_Vivado/NIGE_Machine.runs/Char_RAM_synth_1" FlowId="Vivado_Synthesis" FromStepId="vivado" ToStepId="vivado"/>
	<Run Id="Color_RAM_synth_1" LaunchDir="E:/N.I.G.E.-Machine/Xilinx_Vivado/NIGE_Machine.runs/Color_RAM_synth_1" FlowId="Vivado_Synthesis" FromStepId="vivado" ToStepId="vivado"/>
	<Run Id="Estack_RAM_synth_1" LaunchDir="E:/N.I.G.E.-Machine/Xilinx_Vivado/NIGE_Machine.runs/Estack_RAM_synth_1" FlowId="Vivado_Synthesis" FromStepId="vivado" ToStepId="vivado"/>
	<Run Id="FIFO8_synth_1" LaunchDir="E:/N.I.G.E.-Machine/Xilinx_Vivado/NIGE_Machine.runs/FIFO8_synth_1" FlowId="Vivado_Synthesis" FromStepId="vivado" ToStepId="vivado"/>
	<Run Id="Freezer_RAM_synth_1" LaunchDir="E:/N.I.G.E.-Machine/Xilinx_Vivado/NIGE_Machine.runs/Freezer_RAM_synth_1" FlowId="Vivado_Synthesis" FromStepId="vivado" ToStepId="vivado"/>
	<Run Id="Microcode_ROM_synth_1" LaunchDir="E:/N.I.G.E.-Machine/Xilinx_Vivado/NIGE_Machine.runs/Microcode_ROM_synth_1" FlowId="Vivado_Synthesis" FromStepId="vivado" ToStepId="vivado"/>
	<Run Id="PCoveride_RAM_synth_1" LaunchDir="E:/N.I.G.E.-Machine/Xilinx_Vivado/NIGE_Machine.runs/PCoveride_RAM_synth_1" FlowId="Vivado_Synthesis" FromStepId="vivado" ToStepId="vivado"/>
	<Run Id="Pstack_RAM_synth_1" LaunchDir="E:/N.I.G.E.-Machine/Xilinx_Vivado/NIGE_Machine.runs/Pstack_RAM_synth_1" FlowId="Vivado_Synthesis" FromStepId="vivado" ToStepId="vivado"/>
	<Run Id="Rstack_RAM_synth_1" LaunchDir="E:/N.I.G.E.-Machine/Xilinx_Vivado/NIGE_Machine.runs/Rstack_RAM_synth_1" FlowId="Vivado_Synthesis" FromStepId="vivado" ToStepId="vivado"/>
	<Run Id="SYS_RAM_synth_1" LaunchDir="E:/N.I.G.E.-Machine/Xilinx_Vivado/NIGE_Machine.runs/SYS_RAM_synth_1" FlowId="Vivado_Synthesis" FromStepId="vivado" ToStepId="vivado"/>
	<Run Id="Sstack_RAM_synth_1" LaunchDir="E:/N.I.G.E.-Machine/Xilinx_Vivado/NIGE_Machine.runs/Sstack_RAM_synth_1" FlowId="Vivado_Synthesis" FromStepId="vivado" ToStepId="vivado"/>
	<Run Id="TaskControl_RAM_synth_1" LaunchDir="E:/N.I.G.E.-Machine/Xilinx_Vivado/NIGE_Machine.runs/TaskControl_RAM_synth_1" FlowId="Vivado_Synthesis" FromStepId="vivado" ToStepId="vivado"/>
	<Run Id="USER_RAM_synth_1" LaunchDir="E:/N.I.G.E.-Machine/Xilinx_Vivado/NIGE_Machine.runs/USER_RAM_synth_1" FlowId="Vivado_Synthesis" FromStepId="vivado" ToStepId="vivado"/>
	<Run Id="VirtualInterrupt_RAM_synth_1" LaunchDir="E:/N.I.G.E.-Machine/Xilinx_Vivado/NIGE_Machine.runs/VirtualInterrupt_RAM_synth_1" FlowId="Vivado_Synthesis" FromStepId="vivado" ToStepId="vivado"/>
	<Run Id="signed_divider_synth_1" LaunchDir="E:/N.I.G.E.-Machine/Xilinx_Vivado/NIGE_Machine.runs/signed_divider_synth_1" FlowId="Vivado_Synthesis" FromStepId="vivado" ToStepId="vivado"/>
	<Run Id="signed_mult_synth_1" LaunchDir="E:/N.I.G.E.-Machine/Xilinx_Vivado/NIGE_Machine.runs/signed_mult_synth_1" FlowId="Vivado_Synthesis" FromStepId="vivado" ToStepId="vivado"/>
	<Run Id="unsigned_divider_synth_1" LaunchDir="E:/N.I.G.E.-Machine/Xilinx_Vivado/NIGE_Machine.runs/unsigned_divider_synth_1" FlowId="Vivado_Synthesis" FromStepId="vivado" ToStepId="vivado"/>
	<Run Id="unsigned_mult_synth_1" LaunchDir="E:/N.I.G.E.-Machine/Xilinx_Vivado/NIGE_Machine.runs/unsigned_mult_synth_1" FlowId="Vivado_Synthesis" FromStepId="vivado" ToStepId="vivado"/>
</Runs>

